brand,category,founded,ARR
5% Nutrition,Wellness/Supplements,2014,$12 million
about-face,Beauty,2021,$20 - $30 million
Acid League,Food & Beverage,2019,$10 million+
Activated Probiotics,Wellness,2018,$8.5 million USD
Actual Veggies,Food & Beverage,2020,$10 million+
Afia Foods,Food & Beverage,2017,$5m - $20m
Amara Organic Foods,Food & Beverage,2011,$10M - $30M
Anabar,Food & Beverage,2021,$5M - $20M
ANS Performance,Health & Wellness,2012,$10M - $40M
Anua,Beauty,2019,$50M - $100M
AquaSonic,Personal Care,2017,$35 million
Awake Chocolate,Food/Bev,2012,$20 million - $30 million
Axe & Sledge Supplements,Wellness Products,2018,$45 million
AXIS-Y,Beauty,2019,$10 million - $20 million
Barnana,Food & Beverage,2012,$30M - $50M
Base Culture,Food & Beverage,2012,$15M - $25M
Bathorium,Personal Care,2014,$7M
Beekeeper's Naturals,Health,2016,$30m-$60m
Believe Supplements,Health & Wellness,2016,$30m
Benton,Beauty,2011,$5m-$15m
Biena Snacks,Food,2012,$10M - $50M
Bio Raw,Food,2017,$5M - $10M
Biodance,Beauty,2021,$10m-$50m
BIOLYTE,Food/Bev,2016,$25m
Black Girl Sunscreen,Beauty,2016,$8m
Blessed Protein,Wellness,2018,$10m-$30m
blk. Water,Food & Beverage,2011,$28m
Blume,Wellness,2016,"$10,000,000"
Bob Snail,Food & Beverage,2014,"$39,000,000"
Booby Boons,Food,2016,$5m-$25m
Bow Valley BBQ,Food,2012,$5m-$15m
Brami,Food/Beverage,2016,$10m - $50m
Brightland,Food/Beverage,2018,$10m - $50m
Buff Bake,Food & Beverage,2014,$10M - $25M
Bushbalm,Personal Care,2016,$20M - $30M
Caboo,Household,2012,$6M - $15M
Camille Rose,Beauty,2011,$20M - $60M
Canadian Protein,Wellness Products,2011,$30M - $80M
Cappello's,Food & Beverage,2011,$5m-$15m
Carbonaut,Food & Beverage,2020,$10m-$50m
Carson Life,Beauty,2013,$20m
Cerebelly,Food & Beverage,2017,$10m-$40m
Chamberlain Coffee,Food & Beverage,2019,$22 million to $33 million
Cheesewich,Food & Beverage,2013,$5 million to $10 million
Chickapea,Food & Beverage,2015,$13 million
ChocXO,Food & Beverage,2014,$10 million
Clean Simple Eats,Food & Beverage,2015,multi-million (estimated $20m-$50m)
Clevr Blends,Food & Beverage,2018,$5m-$20m
Cliganic,Personal Care,2015,$5m-$15m
Clio Snacks,Food & Beverage,2013,$60 million
COCO5,Food & Beverage,2011,$10 million
Codeage,Wellness,2017,$9M
Collective Arts Brewing,Food & Beverage,2013,$45.3M
Copra Coconuts,Food & Beverage,2012,$5 million to $10 million
Cora,Personal Care,2015,$20 million to $50 million
Crafty Ramen,Food,2017,$8 million
Crate 61 Organics,Personal Care,2012,$7 million
Culture Pop Soda,Beverage,2020,$10 million - $50 million
Cure Hydration,Beverage,2019,$5.2 million
Cwench Hydration,Beverage,2024,$10 million (annualized)
Da Bomb Bath Fizzers,Beauty,2015,$20M
Date Better Snacks,Food & Beverage,2020,$5m-$15m
Davids Natural Toothpaste,Personal Care,2011,$10m-$30m
De La Calle!,Beverage,2020,$10m-$25m
DeeBee's Organics,Food,2012,$6m-$25m
Deliciou,Food & Beverage,2015,$25m - $50m
Delola,Beverage,2022,$10m-$50m
Dose (Beverages),Food & Beverage,2020,$10M - $25M
Dough Ball Whiskey,Food & Beverage,2021,$5M - $20M
Doughlicious,Food & Beverage,2017,$13M - $18M
Dr. Melaxin,Beauty,2021,$35 million
Dr. Paw Paw,Beauty,2013,$14 million
Dream Pops,Food,2016,$10 million
Eat Me Guilt Free,Food & Beverage,2013,$15 million
EBIN New York,Beauty,2014,$8.1M
Egglife Foods,Food & Beverage,2017,$30M - $40M
Element Snacks,Food & Beverage,2013,$5.7 million
Elmhurst 1925,Food & Beverage,2017,$35 million
Endro Cosmétiques,Beauty,2019,$16 million
ESW Beauty,Beauty,2019,$11.4M
Eva NYC,Beauty,2012,$20M-$50M
Evergreen,Food,2020,$25M
Explore Cuisine,Food/Beverage,2016,$15m-$30m
Fable Food Co,Food/Beverage,2019,$5m-$15m
Farm Girl,Food/Beverage,2020,$5m-$20m
Farming Karma,Food/Beverage,2018,$5m-$15m
Fatso,Food/Beverage,2016,$5m-$15m
Feel Good Foods,Food/Beverage,2011,$7m-$10m
Fillo's,Food/Beverage,2015,$10m-$25m
Final Boss Sour,Food/Beverage,2023,$5m-$10m
Fishwife Tinned Seafood Co.,Food & Beverage,2020,$6M - $15M
Flourish Pancakes,Food & Beverage,2018,$10 million - $50 million
Flow Alkaline Spring Water,Food & Beverage,2014,$30 million - $50 million
Fly By Jing,Food & Beverage,2018,$20 million - $60 million
Flying Embers,Food & Beverage,2017,$10 million - $40 million
Fody Foods,Food & Beverage,2016,$5 million - $20 million
FOND Bone Broth,Food & Beverage,2015,$5 million - $15 million
Four Sigmatic,Wellness,2012,$50M to $100M
Frankie's Organic,Food & Beverage,2019,$11.8 million
Freestyle Snacks,Food & Beverage,2020,$5 million
FreeYumm,Food & Beverage,2014,$5.8 million
Fresh Bellies,Food & Beverage,2015,$5m - $20m
FullGreen,Food & Beverage,2013,$7.1m
Gelatys,Food & Beverage,2016,$5M - $10M
Genius Gourmet,Food & Beverage,2019,$9.3 Million
Georgian Bay Spirit Co,Food & Beverage,2013,$8.4 Million
GimMe Health Foods,Snacks,2012,$7.3 Million
Good Chemistry,Beauty,2017,$20M - $40M
Good Good,Food & Beverage,2015,$5M - $25M
Good Protein,food/bev,2019,$50 million
GoodSAM,Food & Beverage,2019,$15.2 million
Graza,Food & Beverage,2020,$48 million
Greenhouse Juice Co.,Beverage,2014,$10-$50 million
Ground Up PDX,Food,2016,$7.5 million
Grüvi,Beverage,2019,$8.6M
Guardian Bikes,Toys,2015,$5M-$20M
GuruNanda,Personal Care,2015,$10M-$60M
Halfday Tea,Food & Beverage,2017,$5M-$15M
Hand in Hand Soap,Beauty & Personal Care,2011,$7M
Handfuel,Food & Beverage,2015,$6M-$45M
Happy Pops,Food & Beverage,2016,$5m - $15m
Hard Truth Distilling Co.,Food & Beverage,2015,$15m - $25m
Harken Sweets,Food & Beverage,2023,$5m - $20m
Haruharu Wonder,Beauty,2019,$35m - $60m
Hawthorne,Personal Care,2016,$10m - $30m
Healthy Crunch,Food & Beverage,2014,$5m - $25m
Healthybud,Pet Care,2019,$10m
Hero Bread,Food & Beverage,2019,$20m - $50m
Hiyo,Beverage,2019,$10M - $50M
Honey Mama's,Food & Beverage,2013,$11.4M
Humble Brands,Beauty & Personal Care,2015,$10m to $50m
I Dew Care,Beauty,2017,$20m to $50m
Icelandic Provisions,Food & Beverage,2015,$20m to $80m
iChoc,Food & Beverage,2015,$5m to $15m
Imaraïs Beauty,Beauty,2020,$15m - $25m
immi,Food,2019,$10m - $30m
Ithaca Hummus,Food & Beverage,2013,$50m
Jacked Factory,Wellness,2015,$20m-$50m
Jackson's,Food & Beverage,2013,$10m-$50m
Jade Leaf Matcha,Food & Beverage,2014,$10m-$40m
Javy Coffee,Food & Beverage,2020,$50M - $75M
JonnyPops,Food & Beverage,2011,$100M
Joolies,Food & Beverage,2018,$5m-$25m
JuneShine,Food/Bev,2018,$40m
Just About Foods,Food/Bev,2015,$15.3m
Just Ingredients,Wellness,2019,$11.3m
JYM Supplement Science,Wellness,2013,$5.3 million
Ka'Chava,Wellness,2014,$5.9 million to $25 million
Karma Water,Food & Beverage,2011,$10 million to $50 million
Kaze Cheese,Food & Beverage,2011,$5M-$25M
KESS Co.,Toys,2016,$5M-$10M
Kiki Milk,Beverage,2021,$5M-$15M
Kimino Drinks,Beverage,2017,~$5M
Kinderfarms,Wellness,2018,$10M-$50M
Kinvara Skincare,Beauty,2012,$11m - $100m
Kiss My Keto,Food,2017,$5m - $50m
Kize,Food,2011,$6 million
Knight & Wilson,Personal Care,2014,$5m - $25m
Kudo Snacks,Food & Beverage,2020,$10m-$50m
Lemon Perfect,Food & Beverage,2017,$60M-$100M
Like Air,Food & Beverage,2020,$10M
Lola's Fine Hot Sauce,Food & Beverage,2015,$5 million to $15 million
Lolleez,Food & Beverage,2016,$5 million to $20 million
Loop Mission,Food & Beverage,2016,$48 million
Loops Beauty,Beauty,2020,$8 million to $10 million
Loverboy,Food & Beverage,2018,$16 million - $38 million
Luna Bronze,Beauty,2015,$8 million - $20 million
Made with Local,Food & Beverage,2012,$10m - $25m
Magic Mind,Food & Beverage,2018,$5m - $20m
Make It Real,Toys & Games,2016,$10m
MALK Organics,Food & Beverage,2014,$50m - $100m
Masienda,Food & Beverage,2014,$5M-$20M
Maspanadas,Food & Beverage,2017,$6M-$10M
Mateina,Food & Beverage,2017,$5M - $25M
Matteo's Coffee Syrups,Food & Beverage,2017,$5.6M
Mavuno Harvest,Food & Beverage,2012,$5M - $10M
Mekhala,Food,2011,$6.2M
Mid-Day Squares,Food & Beverage,2018,"$30,000,000"
Mighty Swell,Beverage,2016,"$6,000,000"
Milkadamia,Food & Beverage,2015,"$15,000,000"
Minor Figures,Beverage,2014,$20M-$50M
Misfits Health,Food,2016,$10M-$30M
Mochidoki,Food,2012,$5M-$10M
MOGLi,Food,2012,$5M-$20M
Momofuku Goods,Food & Beverage,2019,"$67,000,000"
Mooala,Food & Beverage,2012,"$10,000,000 - $50,000,000"
Moon Cheese,Food & Beverage,2012,"$20,000,000 - $40,000,000"
More Labs,Wellness,2017,"$10,000,000 - $30,000,000"
Moroccan Magic,Beauty,2015,"$5,000,000 - $20,000,000"
Mother Raw,Food & Beverage,2016,"$8,300,000"
Mr. Tortilla,Food & Beverage,2012,"$7,500,000"
Muddy Bites,Food & Beverage,2018,$5m-$15m
Munk Pack,Food & Beverage,2013,$10m-$30m
Mush,Food & Beverage,2015,$70m-$100m
My Arcade,Toys,2015,$10m-$25m
My Magic Mud,Personal Care,2013,$10m-$25m
Myni,Household,2020,$5m-$15m
Myracle Kitchen,Food & Beverage,2020,$10m-$30m
MìLà,Food & Beverage,2018,$20m-$60m
Nai Arabia,Food & Beverage,2017,$5m-$15m
Naked & Saucy,Food & Beverage,2013,$5m-$20m
Natreve,Wellness,2019,$10M - $50M
Nats Rawline,Food,2017,$5.5M
Natural Stacks,Health & Wellness,2013,$10m
nfuse Magnesium,Personal Care,2015,$5m - $15m
Nixie Sparkling Water,Beverage,2018,$10m - $30m
No Cow,Food,2015,$20m
No Days Wasted,Wellness,2017,$5m - $15m
No Sugar Company,Food,2018,$20m - $50m
Noble Made,Food,2012,$10m-$50m
Nonfiction,Beauty & Personal Care,2019,$30m-$40m
Novo Nutrition,Food,2016,$5.7M
Nuts For Cheese,Food,2015,$5m - $15m
Nuud,Personal Care,2017,$9.3 million
Oatbox,Food & Beverage,2014,$5m - $15m
Obvi,Health & Wellness,2019,$40 million
Ocean's Halo,Food & Beverage,2011,$20 million to $50 million
Odele,Personal Care,2019,$30 million
Oggi Foods,Food & Beverage,2015,$5 million to $75 million
Oilogic,Personal Care,2015,$5.9 million
Olyra,Food & Beverage,2017,$5m to $15m
OmieLife,Household Goods,2012,$10m to $25m
Opopop,Food & Beverage,2018,$6m to $10m
Ordo,Personal Care,2017,$10m to $30m
Organic Initiative,Personal Care,2015,$5 million to $15 million
Outer Aisle Gourmet,Food & Beverage,2013,$11.2M
Owen's Craft Mixers,Beverage,2016,$10M-$20M
Pacha Soap Co,Personal Care,2013,$8.6M
Palmini,Food,2017,$5M
Partake Foods,Food,2016,$5M-$15M
Pascha Chocolate,Food,2013,$5M
Peaceful Fruits,Food & Beverage,2014,$12m
Pepper North,Food/Snacks,2013,$5.4m
Perfect Hydration,Food/Beverage,2016,$10m-$50m
Petit Pot,Food & Beverage,2013,$5m-$20m
Pip & Nut,Food & Beverage,2013,$14m
Pipcorn,Food & Beverage,2012,$12m
PiperWai,Personal Care,2014,$10m-$25m
PLINK!,Food & Beverage,2020,$5m-$10m
Pop Art Snacks,Food & Beverage,2011,$5m-$10m
Pop Daddy Snacks,Food & Beverage,2013,$10m-$25m
Popmask,Personal Care,2022,$10m-$30m
PRESS Premium Alcohol Seltzer,Food & Beverage,2015,$5 million to $20 million
Primary,Apparel,2015,$50M
Promix Nutrition,Wellness,2011,$20M-$50M
Public Goods,Household & Personal Care,2016,$10M-$30M
Purezero,Beauty,2017,$12M
Purito,Beauty,2017,$10M - $30M
Purplesful Snacking,Food,2020,$5M - $15M
Queen St. Bakery,Food & Beverage,2018,$10M - $20M
Raised Gluten-Free,Food & Beverage,2011,$10m-$30m
Ramen Bae,Food & Beverage,2022,$10m-$50m
Red Boat Fish Sauce,Food & Beverage,2011,$5m - $20m
Redefine Meat,Food & Beverage,2018,$15m - $25m
Resbiotic,Health & Wellness,2020,$5m - $15m
Revive Collagen,Beauty,2020,$30m - $50m
Revive Superfoods,Food,2018,$10m - $30m
Rhinegeist Brewery,Alcohol,2013,$40M-$80M
RiceUP!,Food,2016,$10M-$50M
RIOT Energy,Food & Beverage,2016,$5M-$15M
Rip Van,Food & Beverage,2012,$5M-$25M
Ripple Foods,Food & Beverage,2014,$38M-$50M
Rivalz Snacks,Food & Beverage,2022,$5M - $10M
ROAR Organic,Food & Beverage,2013,$10M - $50M
Roo'Bar,Food & Beverage,2012,$5M - $10M
Rosso Caffe,Food & Beverage,2014,$5M - $15M
Rotten,Food & Beverage,2021,$5M - $15M
Round Lab,Beauty & Personal Care,2017,$68 million
Royo Bread Co,Food & Beverage,2019,$7 million to $13 million
Sabrina Carpenter Fragrances,Beauty & Personal Care,2022,$11 million
Safe Catch,Food & Beverage,2014,$25 million
Saint James Iced Tea,Food & Beverage,2021,$5M - $15M
Sana Foods,Food & Beverage,2016,$5M - $10M
Sauz,Food & Beverage,2021,$15 million
Schilling Cider,Food & Beverage,2013,$20M-$40M
Scott & Jon's,Food & Beverage,2014,$5M-$20M
Sea Tales,Food & Beverage,2014,$20M-$50M
Serenity Kids,Food & Beverage,2016,$50M-$80M
Seven Sundays,Food & Beverage,2011,$10M-$30M
Shameless Snacks,Food & Beverage,2021,$10M-$15M
Sheila G's Brownie Brittle,Food/Beverage,2011,$40m - $60m
Shrewd Food,Food & Beverage,2018,$12M-$50M
SMNutrition,Wellness,2011,$10m-$50m
Snacklins,Food & Beverage,2016,$5m-$15m
Sodaly,Beverage,2022,$30m-$60m
Sola,Food,2012,$12 million
Solely,Food & Beverage,2017,$50 million
SOMOS Foods,Food & Beverage,2021,$20 million
Sota Clothing,Apparel & Accessories,2011,$5.4M
Soylent,Food & Beverage,2013,$100M
SPOTMYUV,Health & Wellness,2014,$8.2M
Stryve Foods,Food & Beverage,2017,$30M
SuckerPunch Gourmet,Food & Beverage,2011,$10m - $25m
Supernatural,Food & Beverage,2015,$5M-$15M
Sweet Nothings,Food & Beverage,2019,$37M
Tanologist,Beauty,2018,$10M - $50M
Taste Republic,Food & Beverage,2017,$15M - $25M
Tease Wellness,Wellness,2013,$5M - $10M
The Beard Struggle,Beauty & Personal Care,2014,$13.8m
The Coconut Cult,Food & Beverage,2015,$20m-$80m
The Daily Crave,Food & Beverage,2012,$20m - $50m
The Doux,Beauty & Personal Care,2011,$38m
The Flex Co.,Personal Care,2015,$20M - $50M
The Good Crisp Company,Food & Beverage,2014,$30m-$50m
The Good Patch,Wellness,2017,$5.3M - $10M
The Natural Patch Co,Personal Care,2020,$10m-$50m
The Nue Co.,Wellness,2017,$25m-$50m
The Ryl Company,Food & Beverage,2022,$5 million to $20 million
The Skinny Confidential,Beauty,2021,$10M - $30M
The True Honey Co.,Food & Beverage,2013,$5M - $20M
The Unscented Company,Personal Care,2016,$5M - $10M
Three Ships Beauty,Beauty,2017,$8M - $12M
Three Trees,Food & Beverage,2012,$11M
Three Wishes,Food & Beverage,2019,$10M - $50M
Tia Lupita Foods,Food/Beverage,2017,$5M - $15M
Toro Matcha,Food/Beverage,2019,$10M - $15M
TPH By Taraji,Personal Care,2020,$10m - $50m
Tree Island Yogurt,Food & Beverage,2012,$11m - $100m
Treeline Cheese,Food & Beverage,2012,$10m - $40m
TrLuxe,Personal Care,2015,$6.3 million
Tru Earth,Household,2019,$30m - $70m
TruLabs,Health & Wellness,2018,$5m - $25m
Truly Beauty,Beauty & Personal Care,2013,$30m - $90m
TruSkin,Beauty & Personal Care,2013,$20m - $80m
Tumeez,Health,2017,$5M - $10M
Twigz,Food,2019,$5M - $15M
Two Bears,Food,2018,$8M - $10M
Táche,Food & Beverage,2020,$5M-$15M
U Brands,Stationery & Office,2014,$5.9M
Uglies Kettle Chips,Food & Beverage,2017,$10M - $30M
Unbun Foods,Food & Beverage,2018,$5M - $15M
Undercover Snacks,Food & Beverage,2017,$10M - $25M
Unlimeat,Food & Beverage,2017,$5m - $25m
Unreal Snacks,Food & Beverage,2011,$8.3 million
UpCircle Beauty,Beauty,2016,$7 million
Vahdam Teas,Food & Beverage,2015,$10 million - $20 million
Vegan Rob's,Snacks,2015,$20M
Via Emilia,Food,2016,"$39,000,000"
Village Juicery,Beverage,2014,"$15,000,000"
Vitamasques,Beauty,2016,"$11,500,000"
Vitruvi,Household,2014,"$29,700,000"
Vive Organic,Beverage,2015,"$15,000,000"
VOESH New York,Beauty,2013,"$7,000,000"
W.Dressroom,Personal Care,2014,"$20,000,000"
Waterboy,Wellness,2020,$6.3 million to $10 million
WeCook,Food & Beverage,2012,$20 million to $50 million
Wholly Veggie,Food & Beverage,2017,$15 million
Wild Tea Kombucha,Food & Beverage,2015,$5m - $10m
Wilde Brands,Food & Beverage,2015,$20m - $50m
Woolzies,Household Goods,2011,$6m - $10m
Yellowbird,Food & Beverage,2012,$15m - $30m
Yo Mama's Foods,Food & Beverage,2017,$20m - $50m
Yumbox,Household,2013,$10m to $50m
Zack's Mighty,Food & Beverage,2018,$5m to $20m
Zip Top,Household Goods,2017,$10m to $50m
ZippyPaws,Pet Care,2011,$15m to $50m
Zooki,Supplements,2017,$10m to $50m
ZoRaw,Food & Beverage,2018,$5m to $20m
Abokichi,Food & Beverage,2013,$5m - $15m
Allkidz Naturals,Health & Wellness,yes,under_100m=yes; over_5m=yes
Aunt Jackie's Curls & Coils,Beauty & Personal Care,yes,under_100m=yes; over_5m=yes
Avajar,Beauty & Personal Care,yes,under_100m=yes; over_5m=yes
The Baby Three,Toys & Hobbies,yes,under_100m=yes; over_5m=yes
Babz,Household Goods,yes,under_100m=yes; over_5m=yes
Beard Guyz,Beauty,2014,$10m-$50m
BFree Foods,Food,yes,under_100m=yes; over_5m=yes
BioAmicus,Health & Wellness,yes,under_100m=yes; over_5m=yes
BjornQorn,Food,2012,$3m-$7m
Blue Monkey,Food & Beverage,yes,under_100m=yes; over_5m=yes
Bolton's Naturals,Personal Care,2012,$5m-$20m
Bone Brewhouse,Food,2016,$5m-$15m
Boo Bamboo,Personal Care,2011,$5m-$15m
Bullsitoy,Toys,yes,under_100m=yes; over_5m=yes
Butcher's Naturals,Pet Care,yes,under_100m=yes; over_5m=yes
Cadence (Keep Your Cadence),Household,2020,$5M - $20M
Catalina Snacks,Food,yes,under_100m=uncertain; over_5m=yes
Catalina Crunch,Food,yes,under_100m=uncertain; over_5m=yes
Dr. Joey's Skin Lab,Beauty,yes,under_100m=yes; over_5m=yes
Duke Cannon Supply Co,Personal Care,yes,under_100m=uncertain; over_5m=yes
Eat Wholesome,Food & Beverage,2014,$5 million
Evolved Chocolate,Food & Beverage,2012,$10m - $50m
Ener-Life,Health,yes,under_100m=yes; over_5m=yes
Finders Keepers,Food & Beverage,yes,under_100m=yes; over_5m=yes
Flamingo,Personal Care,yes,under_100m=uncertain; over_5m=yes
Green Sun,Food,yes,under_100m=yes; over_5m=yes
Happy Way,Wellness,2015,$5m - $20m
Heyday Canning Co.,Food,yes,under_100m=yes; over_5m=yes
HIPPEAS,Food & Beverage,yes,under_100m=uncertain; over_5m=yes
IWON Organics,Food & Beverage,2016,$5m - $10m
IWON Organics,Food & Beverage,2016,$5m-$15m
Jared Lang,Apparel,2011,$5m-$15m
Kativa,Beauty,yes,under_100m=yes; over_5m=yes
La Luna Mezcal,Beverage,yes,under_100m=yes; over_5m=yes
Laser X,Toys,yes,under_100m=uncertain; over_5m=yes
Little Northern Bakehouse,Food & Beverage,yes,under_100m=yes; over_5m=yes
Little Northern Bakehouse,Food & Beverage,yes,under_100m=yes; over_5m=yes
Lunchly,Food & Beverage,yes,under_100m=uncertain; over_5m=yes
Mary & May,Beauty,yes,under_100m=yes; over_5m=yes
Natur Beverages,Beverage,yes,under_100m=yes; over_5m=yes
NeuropAWAY,Health & Wellness,2015,$5m - $20m
Nick's Sticks,Food,2011,$5m - $20m
Old Croc,Food & Beverage,yes,under_100m=yes; over_5m=yes
Once Upon A Farm,Food & Beverage,yes,under_100m=uncertain; over_5m=yes
Paleoethics,Fitness Supplements,yes,under_100m=yes; over_5m=yes
Patch (Nutricare),Beauty & Personal Care,2016,$5m-$20m
Pier 87,Food,yes,under_100m=yes; over_5m=yes
Protes,Food,yes,under_100m=yes; over_5m=yes
Qiqi,Beauty,yes,under_100m=yes; over_5m=yes
Raze Energy,Food & Beverage,2018,$10m-$50m
Rebels Refinery,Personal Care,yes,under_100m=yes; over_5m=yes
Red Crown Pomegranate,Food & Beverage,yes,under_100m=yes; over_5m=yes
Rule 1 Proteins,Wellness,yes,under_100m=uncertain; over_5m=yes
Savera Foods,Food & Beverage,yes,under_100m=yes; over_5m=yes
Savera Foods,Food & Beverage,yes,under_100m=yes; over_5m=yes
Skinny Dipped,Food & Beverage,yes,under_100m=uncertain; over_5m=yes
Smart Care,Personal Care,yes,under_100m=uncertain; over_5m=yes
SmashMallow,Food/Bev,yes,under_100m=yes; over_5m=yes
Teeling Whiskey,Beverage,yes,under_100m=yes; over_5m=yes
The Daily Crave,Food & Beverage,2011,$10m-$50m
The Very Good Butchers,Food & Beverage,yes,under_100m=yes; over_5m=yes
UNITE Food,Food & Beverage,yes,under_100m=yes; over_5m=yes
Very Good Cheese,Food,yes,under_100m=yes; over_5m=yes
Wild Spirit Fragrances,Personal Care,2018,$5m - $15m
ZOE,Wellness,yes,under_100m=yes; over_5m=yes
100 Coconuts,Beverage,High,Revenue is estimated based on secondary sources and its rapid growth rate suggests it is scaling quickly toward the upper bound.
Aeryon Wellness,Vitamins & Supplements,85%,"The brand's revenue was ""almost a million"" around 2023 but has since seen significant growth (reported 500% y/y in early 2024) and distribution in over 600 stores; while likely over the $5M floor by 2026, it may still be on the lower end of the target scale [BC Business](https://bcbusiness.ca/business/health/vancouver-based-aeryon-wellness-takes-a-holistic-stance-on-womens-health/), [Chatelaine](https://chatelaine.com/longforms/menopause-business-boom/). Additionally, its boric acid product falls into the ""feminine health/wellness"" category, which requires checking against strict ""sexual health drug"" exclusions."
Alternative Kitchen,Food & Beverage,85%,"The brand itself launched after 2011, though its parent company LOC Industries Inc. was founded around 2010, which is right on the edge of the cutoff. Additionally, while the company has a small employee count (11-50), its revenue is not publicly disclosed, though it likely falls within the $5M-$100M range based on its scale of operations and distribution ([LinkedIn](https://ca.linkedin.com/company/alternative-kitchen-loc-industries-inc))."
Amino Snacks,Food & Bev,High,"Exact revenue figures are not publicly disclosed; however, its presence in ""thousands of retail stores"" and its expansion into Costco roadshows as of 2025 strongly indicate revenue within the $5M-$100M range [iHeart Podcast](https://www.iheart.com/podcast/1323-the-people-driven-ceo-pod-282976782/episode/episode-26-fueling-ambition-naturally-how-282976793/), [LinkedIn](https://www.linkedin.com/posts/beata-antoninas-6543a0256_costco-roadshow-confirmed-amino-activity-7312551182932013056-a_Ca)."
Aries Arise,Apparel,high,"The brand's origin date is slightly ambiguous, with some sources citing a 2009/2010 conceptual beginning, while the founder and commercial launch are frequently associated with 2011. [i-D Magazine](https://i-d.co/article/star-signs-meet-the-woman-behind-the-cult-brand-aries-arise/), [Rizzoli](https://www.rizzolibookstore.com/product/aries-arise-archive)"
Avatara,Beauty,High,"The brand is a strong CPG fit with national retail distribution, but carries some OTC products (sunscreen and acne treatments) which are regulated as drugs in the U.S. market."
b.tan,Beauty,85%,"Minor ambiguity regarding the exact launch date of the product line vs. trademark filing in 2011, though most consumer-facing signals point to a post-2011 launch."
Bagelista,Food & Beverage,High,"Revenue is estimated to be above the $5M threshold based on high growth rates (1,400%+) and national retail expansion into Whole Foods, Sprouts, and Target, though specific 2025/2026 financial figures are not public."
Ballistic Laboratories,Wellness Products,90%,The brand is a strong fit but carries an asterisk due to the 2016 Health Canada regulatory warning and the general stringency of NHP regulations in its primary market (Canada).
Barbet,Beverage,high,"Revenue is likely right at or slightly above the $5M threshold as of mid-2026, given 2023 projections of 500k cans ($1.6M CAD) and subsequent doubling of demand and national retail expansion [Monocle](https://monocle.com/food-drink/barbet-sparkling-water-canada/), [Canadian Grocer](https://canadiangrocer.com/barbet-taps-alcohol-free-trend-grown-sparkling-beverages)."
Barriere,Personal Care,high,"The brand sells ""medical-grade"" face masks (borderline medical device) and some patches with therapeutic claims (lactose intolerance, nausea), which may require closer regulatory scrutiny. Also, it must be distinguished from the massive hospitality group ""Groupe Barrière."""
Basic Supplements,Health & Wellness,High,"The brand itself is a high-growth, new CPG ""upstart"" likely within the $5M-$100M revenue range, but it was recently acquired (June 2026) by Applied Nutrition PLC, which has a group revenue of approximately £148M (~$187M USD), exceeding the $100M threshold for the parent company. ([Applied Nutrition PLC](https://www.appliednutritionplc.com/applied-nutrition-expands-us-operations-with-manufacturing-facility-acquisition/), [London Stock Exchange](https://www.londonstockexchange.com/news-article/APN/trading-update-acquisition-and-collaboration/17615756))"
BBFL,Food & Beverage,90%,"The primary entity fitting the criteria is Big Bird Foods Limited (ticker BBFL), a Pakistan-based poultry CPG brand. There is a smaller US-based brand, Best Bodies for Life (BBfL), which is also a consumer brand but likely falls below the $5M revenue threshold due to its small staff size (5 employees). [Best Bodies for Life Story](https://bbflshakes.com/our-story/)"
Bear 'n Beaver,Food & Beverage,High,"The specific Bear 'n Beaver brand launched in 2016, but its parent company, Double D Beverage Co., was founded earlier in 2005. [BevNET](https://www.bevnet.com/news/2016/beaver-buzz-energy-celebrates-10-years-of-business/)"
Before Company,Personal Care,PROBABLE,"The brand is a strong fit for a modern independent CPG, but its exact annual revenue is not publicly disclosed. While its retail footprint (Erewhon, Whole Foods Canada, and a 2026 nationwide expansion into Sprouts) suggests it is likely approaching or exceeding the $5M threshold, a headcount of 6 employees in late 2024 indicates it may still be on the lower end of the target scale [PitchBook](https://pitchbook.com/profiles/company/674153-83), [Yahoo Finance](https://ca.finance.yahoo.com/news/launches-brilliant-breath-mouthwash-150000655.html)."
Benefits By Nature,Health & Wellness,High,"Benefits By Nature is primarily a house brand/private label for the Canadian health food retailer Healthy Planet, which may limit its standalone brand distribution and valuation profile compared to an independent CPG brand. [Grocery Business Magazine](https://www.grocerybusiness.ca/innovator-in-whole-health-monica-walker-healthy-planet/)"
Benemax Health,Health & Wellness,0.85,"The brand is primarily a plant-based supplement CPG brand, but it also sells a medical thermometer (medical device) and hand sanitizers (OTC), which are categories listed for removal. However, these appear to be secondary to its core wellness supplement line."
BeRaw,Food,High,"The parent company, FoodWell Sp. z o.o., reported projected revenues of approximately 600M PLN (roughly $150M USD) for 2025, which exceeds the $100M threshold, although the BeRaw brand specifically is likely within the $5M-$100M range as a sub-brand ([XYZ.pl](https://xyz.pl/foodwell-wydal-75-mln-zl-na-restrukturyzacje-skoncentrowalismy-portfolio-i-produkcje/), [Forbes Poland](https://www.forbes.pl/przywodztwo/ewa-chodakowska-i-lefteris-kavoukis-zbudowali-biznesowe-imperium/x6yc1yb))."
Berhan Grains,Food,Medium-High,"The primary unresolved caveat is whether its annual revenue has reached the $5M floor; while it is a ""major player"" in the global teff market with significant B2B volume, specific revenue figures are not publicly disclosed [Strategic Market Research](https://www.strategicmarketresearch.com/market-report/teff-products-market)."
Bero,Beverage,High,"The brand fits all criteria, including being founded after 2011 and having independent ownership. The asterisk is applied because revenue figures for 2026 are based on high-growth projections ($30M target following a ~$10M first year), and there is a legacy flour brand with a similar name (Be-Ro) owned by a large parent company, though this non-alcoholic beer brand is the likely intended prospect. [The Creators Blueprint](https://www.creatorsblueprint.co/p/the-100m-bet-why-tom-hollands-non), [LinkedIn](https://www.linkedin.com/posts/scott-van-den-berg-22b534150_tom-hollands-bero-just-proved-that-celebrity-founded-activity-7424108090985205762-Vr8s)"
Better Ramen,Food,high,"The specific founding year is not explicitly cited in public records, although retail presence and social media activity confirm it is a modern brand launched within the last few years."
Better Shea Butter,Beauty,high,"The revenue scale is estimated at approximately $5.8M, which is close to the $5M lower threshold, making it a borderline fit for the size criteria."
Bettr Bowl,Food,High,"The brand ""Bettr Bowl"" is a recent (2024) launch by an established manufacturer (Avatar Natural Foods), and while parent revenue is in range (~$40M+ in 2022), its high growth rate could push it near or over the $100M threshold by 2026."
BeyondChipz,Food,High,Revenue is estimated based on retail distribution and a 2021 valuation rather than a directly reported 2024/2025 financial figure.
BeYoutiful,Beauty,High,"There is some ambiguity due to multiple small businesses using the name ""BeYoutiful"" (e.g., BeYoutiful by Ethan, BeYoutiful Bath Bombs), though the skincare brand sold in national retailers like Walgreens is the most prominent CPG candidate; additionally, it may function as a sub-brand or line under the ""Qür"" or ""Our Life"" brand umbrella ([Walmart](https://business.walmart.com/ip/BeYOUtiful-Face-Moisturizer-1-69-fl-oz/10752322453))."
Bites By Sweden,Food,High,"The brand is very recently launched (January 2025), making the $5M ARR threshold a ""likely"" but unconfirmed signal based on its rapid growth, employee count (11-50), and the established customer base of its sister brand, Mums Candy."
Blackbird Baking Co.,Food,High,Founding year (2011) is exactly the cutoff year; revenue is an estimate based on significant headcount (80+ employees) and wholesale distribution scale.
Bliss Gourmet,Food & Beverage,High,"Revenue scale is unconfirmed; while the brand is distributed in over 300 retailers including major chains, a 2019 report cited gross revenue of only $80,000, making the current $5M floor a significant jump. [Bakers Journal](https://www.bakersjournal.com/the-bakery-of-bliss-707/), [blissgourmet.ca](https://blissgourmet.ca/)"
Blue Zones Kitchen,Food & Beverage,High,"The brand name and trademarks are owned by Blue Zones, LLC (which was acquired by the large nonprofit Adventist Health in 2020), but the consumer goods operating entity BZ Kitchens, LLC is a separate VC-backed startup operating under license. [STAT News](https://www.statnews.com/2026/05/04/are-blue-zones-real-new-scrutiny-longevity-hot-spots/), [Blue Zones Kitchen Website](https://bluezoneskitchen.com/where-to-buy)"
BORN Naturals,Beauty/Skincare,85%,"Revenue floor verification: While the brand has scaled to 200+ retail partners (including Fortinos and Walmart.ca) and is likely in the low-to-mid single-digit millions, confirming it has surpassed the $5M ARR threshold is the primary unresolved caveat."
Brother Sprout,Food/Beverage,85%,"While the brand has secured a national retail partnership with Loblaws and is distributed across Canada, it remains a family-owned ""small business,"" leaving some uncertainty as to whether its annual revenue has definitively surpassed the $5M threshold or is still in the low millions."
Brush with Bamboo,Household,85%,"Acquired in April 2024 by The Humble Co., which is owned by Humble Group AB, a Swedish public FMCG group with annual revenue of approximately $740M USD. While Humble Group is a significant parent company, it is much smaller than the ""massive"" examples like P&G or Unilever. [ReAnIn](https://www.reanin.com/reports/bamboo-toothbrush-market), [Stock Analysis](https://stockanalysis.com/quote/sto/HUMBLE/revenue/)"
BSA Beer,Food/Beverage,85%,"Revenue scale is estimated to be between $5M and $100M based on a distribution network of over 650 points of sale within its first year and subsequent expansion into major national retailers like Whole Foods and Farm Boy, but exact financial figures are not publicly disclosed ([Le Quotidien](https://www.lequotidien.com/2021/01/02/leffervescence-du-monde-sans-alcool-25c00dbce341c255f0a53123faeaee74/), [Reddit/Retailer Info](https://www.reddit.com/r/ottawa/comments/1ebvon1/favourite_nonalcoholic_beers_in_ottawa/))."
bu Sunscreen,Beauty,High,"The brand is regulated as an OTC drug product in the US, which may fall under the ""OTC pharma"" exclusion depending on the user's strictness; additionally, revenue is estimated near the lower threshold ($5.8M)."
Callowfit,Food & Beverage,High,"Owned by the Driessen Group of Companies (DGOFC), a mid-sized family-owned food group (~$80M revenue), rather than being a standalone independent brand. [Supermarket News](https://supermarketnews.co.nz/features/making-the-healthy-option-the-delicious-one/)"
Canadian Heritage Roasting Co,Food & Beverage,High,"Current revenue is inferred to be above $5M based on a retail footprint of 1,600+ stores as of mid-2025, but exact ARR figures are not publicly disclosed."
Candy Can,Food & Beverage,85%,Revenue scale is estimated based on international distribution in major retailers; precise annual revenue figures for the private Dutch entity are not publicly disclosed.
CARBS Performance,Food,85%,"The brand is officially named 'Carbs Fuel,' but is frequently marketed and listed in retail catalogs as 'Carbs Fuel Nutrition & Performance.' While it fits all criteria, there is a minor ambiguity regarding the exact 'CARBS Performance' name provided in the prompt. [Competitive Cyclist](https://www.competitivecyclist.com/brand/carbs-fuel/cat/nutrition-performance)"
Chef Woo,Food & Beverage,95%,"The brand is owned by Borealis Foods Inc., which is a publicly traded company (NASDAQ: BRLS). While its revenue is well within the target range, its public status may be a caveat depending on the prospect's preference for private vs. public companies. ([Nasdaq](https://www.nasdaq.com/market-activity/stocks/brls))"
Chiwis,Food & Beverage,HIGH,"Revenue was confirmed at over $2M in 2023; while significant expansion into Costco (Southern California, Hawaii, Canada) and Whole Foods US suggests it is likely crossing the $5M floor by 2026, it remains a smaller brand where revenue could still be just under the threshold."
Choose Life Foods,Food & Beverage,High,"The revenue scale is likely within the $5M-$100M range given its 10-year history and national retail distribution in Canada by 2026, but exact figures are not publicly disclosed."
Chorus Supernatural,Beauty,85%,"Revenue scale is the primary uncertainty. While established and selling internationally (Canada, Singapore), there is no definitive public evidence confirming annual revenue exceeds $5M, though its 10-year tenure and distribution suggest it is a plausible candidate."
Clean Journey,Food,High,"The brand is a sub-brand or ""sister brand"" of Bio-Spectra (the company behind ATTITUDE), sharing the same Montreal headquarters. While Bio-Spectra is an independent mid-sized company (not a massive conglomerate like P&G), it is a established player in the clean CPG space. [LinkedIn](https://www.linkedin.com/company/attitude-living), [USPTO](https://uspto.report/company/Lord-Bernier-Inc)"
Clean Sheets,Household,85%,"The name ""Clean Sheets"" primarily refers to the hero product line of the brand 4AM Skin, which fits all criteria (founded 2021, independently owned, ~$65M revenue), but the brand name is technically 4AM. A separate UK-based brand called ""Clean Sheet"" (toilet paper) exists but likely falls below the $5M revenue threshold due to its recent 2024 launch and social enterprise model."
CleanO2,Household,90%,"The brand operates within a dual-business model where the consumer goods (soaps) are produced using byproducts from its B2B carbon-capture hardware (CarbinX); revenue is near the lower threshold (~$6M) and split between these divisions ([Startup Intros](https://startupintros.com/orgs/cleano2), [YouTube](https://www.youtube.com/watch?v=3JaN6kT_zRI))."
Cloth In A Box,Beauty Accessories,85%,"Revenue scale is likely on the lower end, potentially under the $5M floor, though retail distribution in major Canadian pharmacies (Jean Coutu) and features on national US television (GMA) suggest some scale."
CoAqua,Food & Beverage,High,"The brand's revenue was reported at just under $3M for fiscal year 2025, which is below the $5M threshold; however, its massive retail expansion in 2026 (growing from 3,000 to over 8,000 stores) makes it highly likely that its current ARR has crossed or will soon cross $5M ([YouTube](https://www.youtube.com/watch?v=LJr79X1oqEk), [YouTube](https://www.youtube.com/watch?v=YLm1kN1Vnkw))."
Coffee Booster,Food & Beverage,90%,"The brand has recently evolved/relaunched as ""Better Coffee Booster"" under ""The Btter Company Inc."" (thebtterco.com) in late 2024, with its original liquid supplement line appearing to be superseded by a powdered format. [The Better Company](https://thebtterco.com/), [TikTok Shop](https://shop.tiktok.com/us/pdp/better-coffee-booster-by-the-better-company-clean-energy-zero-sugar-focus-mood-support/1730979317303185957)"
Compound Kings,Toys,High,"The brand's parent company, Paladone (acquired WeCool in 2023), has annual revenues hovering near the $100M threshold (approx. $88M in 2024), though it is a mid-market private equity-backed company rather than a massive corporate conglomerate. [Pomanda](https://pomanda.com/company/02904218/paladone-products-limited), [IVEST Consumer Partners](https://www.ivestconsumer.com/wecool)"
Confident Sports,Apparel,85%,"Revenue is estimated based on its national distribution in Canada via major retailers like Popeye’s Suppléments, but an exact ARR figure was not publicly available to definitively confirm it is between $5M and $100M."
Cool Way,Food,85%,"The brand was sold by its original founders in 2022, and while it remains operational as a Canadian-focused brand, the specific identity of the new owner is not publicly disclosed in major financial databases, making it difficult to definitively rule out a larger parent company without further due diligence. [Food Business News](https://www.foodbusinessnews.net/articles/25506-flings-pastries-flies-into-retail)"
Cove Drinks,Beverage,High,"The brand is at the upper threshold of the revenue criteria, with 2024 forecasts reaching $100M, and a 2019 initiative to launch CBD-infused kombucha may still be an unresolved product line despite the current focus on functional soda."
Cove Drinks,Beverage,High,"The brand is at the upper threshold of the revenue criteria, with 2024 forecasts reaching $100M, and a 2019 initiative to launch CBD-infused kombucha may still be an unresolved product line despite the current focus on functional soda."
Crickstart,Food & Beverage,Moderate/High,"Revenue scale is slightly ambiguous; automated estimates (ZoomInfo, Accio) place it under $5M, but extensive retail distribution in 700+ stores and strong web traffic suggest it likely meets or exceeds the $5M threshold ([Innovation of the World](https://innovationsoftheworld.com/crickstart-a-sustainable-superfood/), [BrandSearch](https://brandsearch.co/brands/landish.ca))."
Crisp Power,Food & Beverage,High,"Precise current annual revenue for the U.S. division is estimated based on retail footprint and parent company scale, though it is likely within the target range."
Daily Crunch,Food & Beverage,High,"Revenue is likely above the $5M threshold based on a $5.5M projection for 2024 and a $15M projection for 2026, though 2025 actuals are not explicitly published ([Paperboy Ventures](https://www.paperboyventures.com/szn1-dailycrunch), [U.S. Treasury](https://home.treasury.gov/policy-issues/small-business-programs/state-small-business-credit-initiative-ssbci/transaction-examples))."
Dandylion,Pet Care,90%,Revenue is estimated based on strong growth signals (e-commerce run rate and retail footprint) rather than a confirmed financial report.
Daring,Food & Beverage,5/5,"Recently acquired (August 2025) by v2food, an Australian startup which received a strategic minority investment from Ajinomoto Co., Inc. (a massive Japanese corporation), though control remains with v2food. [Food Dive](https://www.fooddive.com/news/daring-plant-based-meat-v2food-ajinomoto/757550/), [Ajinomoto](https://www.ajinomoto.com/cms_wp_ajnmt_global/wp-content/uploads/pdf/2025_08_07E.pdf)"
Day Out,Beverage,high,"Revenue is estimated to be in the $10M–$40M range based on its 3,000+ retail door footprint (including 2,000 Target stores), but specific fiscal year 2025 revenue figures are not publicly disclosed."
Decode Skincare,Beauty,85%,"The brand is primarily marketed in Russia and CIS countries (with recent expansion to Australia and the Middle East), which may present geographical or geopolitical considerations for a prospect screen, although it remains an independent CPG brand. [Retail.ru](https://www.retail.ru/news/rossiyskiy-proizvoditel-kosmetiki-estilab-vyshel-na-rynok-avstralii-21-noyabrya-2025-271655/)"
Diabetes Doctor,Wellness,High,"Significant regulatory history involving FDA/FTC warnings for marketing dietary supplements with drug-like claims; the brand is also in the process of transitioning its identity to ""Dr. Stephanie's."" [FDA Warning Letter](https://www.fda.gov/inspections-compliance-enforcement-and-criminal-investigations/warning-letters/pharmaganics-llc-614576-09072021)"
Dr Isabelle,Beauty,85%,"Revenue is private and estimated to be in the $5M-$50M range based on 1,000+ retail points of sale and a robust D2C business, though some databases (like ZoomInfo) conservatively estimate under $5M."
Dr. Botanicals,Beauty,85%,"Revenue and founding date are on the lower and earliest bounds of the criteria respectively. The brand is part of the ""Dr Botanicals Cooperative"" (including sister brand skinChemists), with group revenue estimated around $6M-$7M ([RocketReach](https://rocketreach.co/skinchemists-profile_b5f33054f42d3469), [Prospeo](https://prospeo.io/c/skin-research-group-revenue)), placing the specific brand's standalone revenue potentially near the $5M threshold."
DryWater,Wellness,High,"The brand is reported as ""nearing $100 million in sales"" in early 2026 ([Orange County Business Journal](https://www.ocbj.com/oc-homepage/drywater-startup-eyes-100m-in-sales/)), placing it at the very top of the required revenue range and likely to exceed it soon due to massive retail expansion."
Eco Living Club,Household Goods,High,"Revenue is estimated to be in the $5M - $100M range based on its extensive retail distribution in thousands of stores across Canada, though precise annual revenue figures are not publicly disclosed."
Edna's Non-Alcoholic Cocktails,Food & Beverage,90%,Revenue is estimated based on the scale of retail distribution; exact annual revenue figures are not publicly disclosed.
Elavi,Food & Beverage,High,"Annual revenue is estimated based on strong retail growth signals (1,000+ stores) and specific large-scale orders, as exact current ARR is not publicly disclosed."
Ella's Flats,Food & Beverage,High,"Revenue is likely in the $5M-$20M range based on national retail distribution (2,000+ stores), but third-party data estimates vary between $4M and $8M. [PR Newswire](https://www.prweb.com/releases/ellas-flats-launches-new-spicy-flavor-all-seed-cracker-301985944.html), [Prospeo](https://prospeo.io/c/ella-s)"
Endorf,Beverage,medium/high,"Revenue is likely between $5M and $100M given the employee count (11-50) and presence on major retail platforms like The Feed, but no specific annual revenue figure is publicly confirmed to be over the $5M floor. [LinkedIn](https://ca.linkedin.com/company/endorf-inc), [The Feed](https://thefeed.com/products/endorf-cordyceps-liquid-mushroom-extract)"
Enerjive,Food,High,"The 2011 launch date is exactly on the cutoff year, and brand-specific revenue is inferred from its parent company's scale ($100M for the entire portfolio) [Yahoo Finance](https://ca.finance.yahoo.com/news/neal-brothers-merging-johnluca-form-110012913.html)."
Enso Superfoods,Health & Wellness,85%,"The brand is currently in a ""pre-order"" state following a major nationwide Salmonella recall in early 2026, which may have impacted its current revenue and operational stability. Revenue estimates are borderline, with some sources placing it around $3M-$5.6M ARR. [BrandSearch](https://brandsearch.co/brands/letsliveitup.com), [Prospeo](https://prospeo.io/c/live-it-up-revenue)"
Epsomgel,Health & Wellness,High,"The brand's products are regulated as ""Natural Health Products"" (NHPs) in Canada for topical pain relief, which might be classified as ""OTC pharma"" depending on the strictness of the exclusion criteria."
Eqqualberry,Personal Care,HIGH,"The brand is owned by Boosters Co., Ltd., a brand aggregator that is a subsidiary of the KOSDAQ-listed digital marketing firm FSN Co., Ltd. While FSN is a large corporate entity, it is not one of the ""massive"" global consumer conglomerates like Unilever or L'Oreal, and the brand operates with significant independence as part of a startup aggregator portfolio ([VentureSquare](https://www.venturesquare.net/975193), [Asiae Daily](https://cm.asiae.co.kr/en/article/2026011513474189235))."
Eva+Avo,Beauty,HIGH,"Exact standalone annual revenue is not publicly disclosed, though its presence in 10,000+ retail stores and over $10M raised strongly indicates it falls within the target $5M-$100M range."
Every Body Eat,Food,High,"Revenue is based on estimates ($5M-$10M range) and scaled retail distribution, though not publicly disclosed."
Exponent Beauty,Beauty,high,"Revenue is estimated in the $5M–$100M range based on retail partnerships and premium pricing, but lacks definitive public confirmation of current ARR."
Filtro Life,Household,PROBABLE,"The brand name ""Filtro Life"" is slightly ambiguous as it matches both ""FiltraLife Solution"" (a French water purification startup) and ""Filtro"" (a faucet filter brand owned by The Cold Life LLC). Both are independent, founded post-2011, and operate in the $5M-$100M revenue range, but ""FiltraLife Solution"" is currently closer to the lower revenue bound (€2M expected by 2025). [AIM2Flourish](https://aim2flourish.com/innovations/they-transform-water), [The Growth Class Podcast](https://podcasts.apple.com/pe/podcast/how-he-10xd-his-business-in-a-year-sam-maxwell-the-cold-life/id1585873344?i=1000742125997&l=en-GB)"
Fire & Smoke Society,Food/Beverage,High,"Revenue scrapers estimate annual revenue under $5M (e.g., $1M-$3M), but the brand's presence in major national retailers like Walmart, Kroger, Target, and Publix with over 100,000 points of distribution strongly suggests the actual revenue exceeds the $5M threshold ([Expo West 2024](https://expowest24.smallworldlabs.com/co/fire-and-smoke-society-llc), [Walmart Connect](https://www.walmartconnect.com/case-study-fire-and-smoke-society))."
FitJoy,Food & Beverage,high,"The brand was originally launched by Nutrabolt (a large sports nutrition company) and Nutrabolt's CEO remains Chairman; however, it raised a Series A from external VCs in 2023, suggesting independent operation. [PitchBook](https://pitchbook.com/profiles/company/169427-62), [The Company Check](https://www.thecompanycheck.com/company/b/fitjoy/qgz7rh94t314txe7u)"
Flavorall,Food & Beverage,90%,"The parent company Greeniche Natural Health was founded in Oct 2010 (slightly pre-2011), but the Flavorall brand was launched in 2011 or later (licensed in 2012)."
Flavored PB Co.,Food & Beverage,Medium-High,"The brand fits all criteria, but its annual revenue is not publicly disclosed; however, its 2024 partnership with major influencers Zane Hijazi and Heath Hussar suggests it likely meets the $5M-$100M revenue target."
Flock Foods,Food & Beverage,High,"Revenue floor uncertainty; while the brand reported $10M in sales within its first 1.5 years and has significant retail presence, some third-party trackers estimate parent company revenue near the $10M mark, making the brand-specific ARR potentially borderline but likely within range."
Forage Hyperfoods,Wellness,85%,"The revenue scale is estimated based on high-growth reports and employee count; while likely exceeding $5M given its growth trajectory and staff size, official exact figures are not publicly disclosed."
French Cancan,Food & Beverage,90%,"The brand French Cancan was launched in ~2017, but the parent company Imperial Snacking (formerly Imperial Popcorn) has been operating since 1995. It meets the ""launched 2011 or later"" criteria for the brand itself, and the parent company is an independent family business within the target revenue scale."
Freshwater Farm,Personal Care,High (85%),"Revenue is estimated to be between $10M–$50M based on national distribution in major retailers (Woolworths, Coles, Whole Foods) and a reported staff size of approximately 50, but precise recent ARR is not public."
Gigantic Candy,Snacks,90%,"Revenue is estimated based on growth signals and retail expansion (e.g., Target deal) rather than a publicly reported 2025/2026 fiscal figure."
Gingerbug,Beverage,High,"The brand is scaling rapidly with national distribution and 700+ doors as of late 2024, making it likely to hit or exceed $5M by 2026, though specific current revenue figures are not publicly disclosed ([Instagram](https://www.instagram.com/drink.gingerbug/?hl=en), [LinkedIn](https://www.linkedin.com/pulse/gingerbug-brewing-company-inc-receives-sofii-support-b760c))."
Glow Body,Beauty,High,Revenue is estimated based on growth trajectory and national distribution; exact current financials for the private entity are not publicly disclosed to confirm it has cleared the $5M floor.
Gnubees,Food & Beverage,85%,"Revenue is likely between $5M and $100M based on 2024/2025 expansion signals (Core-Mark exclusive brand, Kroger/Fred Meyer, and Walmart.com), but exact confirmed figures are missing. [Core-Mark Curated](https://coremarkcurated.com/gnubees-2024/), [Fred Meyer](https://www.fredmeyer.com/p/gnubees-kids-go-bananas-drink-pouch/0062845145204)"
Gratitude Seafood,Food & Beverage,85%,"The specific revenue for the ""Gratitude Seafood"" brand standalone is not explicitly public, but the parent entity (Nuu-chah-nulth Seafood LP) and its primary subsidiary (St. Jean's Cannery) have revenues estimated between $5M and $21M, and the brand has national distribution in Canada."
Grazy,Food & Beverage,85%,"Revenue is likely in the $5M-$100M range given its presence in 2,000+ retail locations (e.g., Metro, IGA) and distribution to 300+ foodservice institutions, but exact figures are not publicly confirmed. [Grazy Mission](https://www.grazy.co/fr/mission), [Le Nouvelliste](https://www.lenouvelliste.ca/affaires/2024/07/04/barbie-donne-son-sceau-dapprobation-a-une-compagnie-dici-B3KI62Z4GZGTFPYEMT4YVM2WRI/)"
Green Bowl Foods,Food & Beverage,85%,"Revenue scale is likely near the $5M floor; while the brand expanded from 40 to 400 stores in 2024 and is available on Costco.ca, verified annual revenue figures are not publicly disclosed ([LinkedIn](https://ca.linkedin.com/company/greenbowlfoods))."
Guests on Earth,Household,high,"Revenue is likely crossing the $5M floor as of mid-2026 given its expansion into high-volume US retail (Erewhon) and new product categories (laundry), but some third-party data points still suggest lower figures (e.g., $3M-$4M range) [Retail Insider](https://retail-insider.com/retail-insider/2025/07/cleaning-with-purpose-guests-on-earth-redefining-home-care-as-next-wellness-frontier/), [Particl](https://www.particl.com/company/guests-on-earth)."
Gummy Gainz,Wellness,High,"The brand's revenue floor is the primary uncertainty; while 500+ retail locations and partnerships suggest scale, the proximity to the $5M minimum needs confirmation."
Gymkhana Fine Foods,Food & Beverage,High,"The brand's revenue was reported at approximately £5 million (roughly $6.4 million) in early 2026, which is relatively close to the $5 million floor, although its recent $8.5 million Series A and national U.S. launch suggest strong growth [YouTube Interview](https://www.youtube.com/watch?v=aV2xYPQfOck), [Pulse 2.0](https://pulse2.com/gymkhana-fine-foods-raises-8-5-million-series-a-to-fuel-u-s-expansion-with-whole-foods-launch/)."
HappiEats,Food & Beverage,High,"The brand is a sub-brand of Cizzle Brands Corporation, and while the parent's revenue fits the target range, standalone revenue for HappiEats specifically is still scaling following its late 2025 launch."
Happy Coffee,Food & Beverage,high,"Revenue scale is the primary caveat; while estimates range from $18.8M to $107M, the brand's rapid expansion to over 60,000 distribution points in major retailers (Walmart, Target, Kroger) as of 2026 suggests it may be approaching or exceeding the $100M revenue threshold [Yahoo Finance](https://finance.yahoo.com/news/craig-dubitsky-robert-downey-jr-165200706.html), [Growjo](https://growjo.com/company/happy)."
Happy Tooth Products,Personal Care,High,"Revenue is likely near the $5M minimum threshold; while ZoomInfo estimates $5.5M and founders reported 200,000 tubes sold in 2024, the exact 2025 revenue remains unconfirmed but is expected to exceed $5M given reported 100% annual growth."
Happy Wolf,Food & Beverage,High,"Revenue is estimated based on retail distribution (300+ Whole Foods, Target, Wegmans) as no exact public financials are available for this private startup."
Healtea,Food & Beverage,High,"Revenue is likely just above the $5M threshold; while ZoomInfo estimates $5.5M and recent retail expansion (1,000+ locations) signals growth, the current exact ARR remains an unverified estimate [ZoomInfo](https://www.zoominfo.com/c/healtea/458250361), [Canadian Grocer](https://canadiangrocer.com/how-thirst-better-you-beverage-led-launch-healtea)."
Healthology,Wellness Products,High,"The brand is in the nutraceutical/supplement category which, while typically classified as CPG, involves regulatory compliance for health claims (Natural Product Numbers in Canada)."
Healthy Pup,Pet Care,High,"The brand includes an OTC dewormer (animal drug), which might potentially fall under the ""OTC pharma"" exclusion depending on whether the rule applies to pet health products."
Healthy Shores,Pet Care,85%,"The primary caveat is whether the Healthy Shores brand alone exceeds the $5M revenue floor. While the parent company (St. Jean's Cannery) has estimated revenues between $10M and $21M, Healthy Shores is one of several divisions (including human seafood, sport fishing processing, and private label). However, its broad retail presence suggests it is a significant and growing part of the business."
Hetras,Household,High,The brand was recently acquired (70% stake) by the Korean fashion conglomerate F&F in April 2026. [Seoul Economic Daily](https://en.sedaily.com/news/2026/04/14/alcohol-sales-decline-as-non-alcoholic-market-expands)
Hip Chic,Beauty,High,"The brand is a primary label for DK Cosmetics (DKCOS), which also distributes other K-beauty brands; while the parent company revenue ($10M-$50M) is within the target range, brand-specific revenue for Hip Chic is not publicly segmented but is bolstered by its national retail presence in Walmart as of 2026 ([Grit Daily](https://gritdaily.com/sue-lee-vice-president-of-dkcos-discusses-their-hip-chic-line-of-hair-and-nail-care-products/), [Maeil Business Newspaper](https://www.mk.co.kr/news/business/11482967))."
House of Life,Health & Wellness,85%,"The brand is a strong fit for the CPG/consumer criteria and is independently owned, but there is no definitive public evidence that its annual revenue has crossed the $5M floor. Recent founder activity (repositioning for ""international scale"" and ""future investment"" as of 2026) suggests it is in a growth phase, but it may still be under the $5M threshold. ([LinkedIn - Debbrah Phan](https://www.linkedin.com/in/debbrahphan))"
HOLOS,Food & Beverage,High,"The brand is a strong CPG fit but revenue estimates are borderline, with some sources placing it between $1.4M and $3M, while others suggest it could be reaching the $5M+ range based on 600+ retail doors and significant DTC traffic [Brandsearch](https://brandsearch.co/brands/liveholos.com), [Renewal Funds](https://www.renewalfunds.com/2022/05/02/holos-secures-3-million-investment-led-by-mission-driven-vc-firm-renewal-funds/)."
Hotpot Queen,Food & Beverage,High,"Revenue scale is likely in the $5M–$20M range given the 1,000+ store footprint reported in late 2025, though some third-party estimates (Seamless.AI) still reflect a $1M–$5M range."
HP Juniper,Beverage,"High (Ownership and Launch), Medium (Revenue)","Revenue is estimated to be between $5M and $100M based on extensive retail distribution, but exact private figures are unconfirmed."
Humble Seedz,Food & Beverage,85%,"The brand is likely near the $5M revenue floor; while it has significant national distribution in Canada (750+ stores including Sobeys and Whole Foods), its 3,800 sq ft production facility suggests it remains a relatively small-scale operation ([Our Routes Magazine](https://ourroutes.ca/humble-beginnings/))."
I'm from,Beauty,High,"Brand-specific revenue is not publicly reported separately from the parent company (Wishcompany Inc.), whose total annual revenue of ~$54M - $64M makes it highly likely the brand falls within the $5M-$100M range."
Improvia,Household,High,"The brand's primary products (washable incontinence pads) are technically classified by the FDA as Class I medical devices, which is an excluded category in the prompt, although they are low-regulation consumer goods sold at major retailers like Target and Walmart."
Inna Organic,Beauty,High,"Revenue is not publicly disclosed, but likely falls within the $5M–$100M range based on a 11-50 employee count and established international distribution in Taiwan, Hong Kong, Singapore, and the US."
Jack & Annie's,Food & Beverage,90%,Revenue scale is estimated based on distribution and funding; one source (PrivCo) provides an outlier revenue figure ($380M) that likely conflates the brand's sales with the total global jackfruit market size.
Jesse & Ben's,Food & Beverage,High,Revenue scale is estimated based on rapid retail expansion and funding stage rather than an explicitly confirmed ARR or annual revenue figure.
Jim Buddy's,Food & Beverage,90%,"The brand rebranded from 'Jim Buddy's' to 'Wow! Protein Donuts' in early 2021, though it is still frequently referred to by its original name in industry reports and retail listings [Stack3d](https://www.stack3d.com/2021/02/jim-buddys-now-wow-protein-donut.html), [Market Intelo](https://marketintelo.com/report/protein-donuts-market)."
joni,Beauty & Personal Care,High,"While joni is a prototypical CPG brand, its primary products (pads and tampons) are regulated as Class I and Class II medical devices, which technically falls under the prompt's exclusion list. It is kept with an asterisk to flag this regulatory overlap."
Joseph's Nutless Clusters,Food & Beverage,High (90%),"Revenue is not publicly disclosed, though international distribution (Canada, US, UAE, etc.) and a 2022 licensing deal with PAW Patrol suggest it meets the $5M minimum; however, exact scale remains unverified."
joss+lyn,Apparel & Accessories,85%,"The brand meets all criteria, but its exact annual revenue is not publicly disclosed. However, its presence in national U.S. retail (Tillys) and multiple international marketplaces suggests it likely meets the $5M+ threshold."
Juni,Food/Bev,high,"The brand's reliance on 'functional' ingredients (adaptogens/nootropics) places it in a specialized regulatory sub-category of CPG, though it remains outside the specifically prohibited categories like THC/CBD."
Just Date,Food/Bev,High,"Revenue is estimated at approximately $6.5M+ based on a reported 5x growth from its 2021 revenue of $1.3M, and a 2026 valuation in the mid-eight figures; however, exact current ARR is not publicly disclosed ([F6S](https://www.f6s.com/member/sylviacharles), [LinkedIn](https://www.linkedin.com/posts/samanthaabramson_after-four-intense-and-expansive-years-i-activity-7355952847722606593-MxGP), [Private Markets Minute](https://privatemarketsminute.com/p/contour-ridge-just-date-strategic-partnership-better-for-you-snacks))."
K-Secret,Beauty,High,"One source (ZoomInfo) estimates revenue under $5M, though its 11+ physical retail locations in major Dubai malls and 227-store Costco US launch in 2026 strongly suggest revenue now exceeds $5M. [ZoomInfo](https://www.zoominfo.com/c/k-secret/509815476), [Morningstar](https://www.morningstar.com/news/pr-newswire/20260501la48586/k-beauty-brand-ksecret-seoul-1988-expands-in-the-us-with-nationwide-costco-launch)"
Karma Bites,Food & Beverage,High,"The brand was acquired by a majority stake in December 2024 by Surya Foods (part of the Flying Trade Group). While Surya Foods is a significant UK world foods supplier with revenue around £250M, it does not reach the ""massive parent company"" scale of PepsiCo or Nestlé ([Asian Trader](https://www.asiantrader.biz/surya-foods-acquires-major-stake-in-health-snack-brand-karma-bites), [Endole](https://open.endole.co.uk/insight/company/02407688-flying-trade-group-plc))."
Kefirkult,Food & Beverage,High,"The brand is a strong CPG fit with established distribution in major retailers (Loblaw, Metro, Erewhon, Fresh Thyme), but revenue estimates vary slightly around the $5M floor, ranging from $4.3M ([Datanyze](https://www.datanyze.com/companies/kefir-kultures/452186258)) to $10M ([Apollo.io](https://www.apollo.io/companies/Kefir/5a9ed023a6da98d96647ab24)). Recent expansion into national chains makes it likely to be exceeding $5M as of June 2026."
Kewaza,Food & Beverage,High,"Kewaza's parent entity, Koa Natural Foods, was 50% acquired by Happy Belly Food Group (a brand consolidator) in 2023; current 2026 revenue for the specific Kewaza brand line needs verification against the broader parent portfolio."
Khloud Protein Popcorn,Food,High,"Revenue scale is estimated based on massive retail footprint (29,000+ doors) and funding ($27M+) rather than reported ARR, making it highly likely to be within the $5M–$100M range."
La Presserie,Beverage,High,"Conflicting revenue signals ($1M estimate vs. $11M-$100M range) and a ""Deadpooled"" status on Tracxn that contradicts active operations and 2025 product launches ([Tracxn](https://tracxn.com/d/companies/la-presserie/__EWegsmby6DBSSsfgumcQ9j7DenRrgT74fxHYSfobgVQ), [Canadian Grocer](https://canadiangrocer.com/how-la-presserie-innovating-plant-based-space-qa))."
La Vida Vegan,Food,High,"The brand was launched in 2016, meeting the date criteria, but its parent company (Brinkers Food B.V.) is a much older family business established in 1889 [Brinkers Food](https://brinkers.com/about/)."
Lady May Tallow,Beauty,,"Revenue is likely near the $5M+ threshold; while unit sales (200,000+) suggest cumulative revenue of ~$6M+ by early 2025, specific annual ARR for 2026 requires formal verification."
Lake & Oak Tea Co.,Beverage,,"Revenue is estimated at approximately $8.8 million, which is near the lower end of the $5M-$100M target range [ZoomInfo](https://www.zoominfo.com/c/lake--oak-tea-co/476989948)."
Laoban Dumplings,Food & Beverage,,"While distribution in 10,000+ stores and recent $7.2M funding strongly suggest revenue exceeds $5M, older 2025 database estimates placed it at ~$1M-$5M prior to its massive 2026 retail expansion ([ZoomInfo](https://www.zoominfo.com/c/laoban-dumplings-llc/421522504), [LinkedIn](https://www.linkedin.com/posts/dominiquelocher_retail-fmcg-ecommerce-activity-7442096945352949760-ShTz))."
Legend,Apparel,,"Revenue is rapidly approaching the $100M threshold; estimates as of 2023 suggest it is nearing $100M, while older figures from 2021 placed it around $13M-$16M. [Boardroom](https://boardroom.tv/legends-scott-hochstadt-sportswear-interview/), [Modern Retail](https://www.modernretail.co/marketing/this-will-be-our-biggest-year-of-growth-legends-ceo-scott-hochstadt-on-building-an-athleticwear-brand-with-the-help-of-sports-pros/)"
Lifeable,Vitamins & Supplements,,"The brand is a strong fit for the CPG criteria (founded post-2011, independent), but its exact annual revenue is not publicly reported, though its extensive retail footprint and high Amazon ranking strongly suggest it falls within the $5M-$100M range."
Lifevine,Beverages,,"The brand is a strong fit, but its parent company (Integrated Beverage Group) is private equity-backed and has multiple brands; while the aggregate revenue is likely in the $20M-$60M range, specific brand-level revenue for Lifevine alone is not publicly disclosed. [SFNet](https://www.sfnet.com/home/industry-data-publications/the-secured-lender/tsl-express-daily-articles-news/tsl-express-daily-articles-news/2024/09/03/gibraltar-business-capital-provides-$13mm-to-integrated-beverage-group), [Salary.com](https://www.salary.com/research/company/integrated-beverage-group-overview)"
Lita's Mexican Foods,Food & Beverage,,"The brand was sold in May 2024 to an undisclosed buyer ([LinkedIn](https://www.linkedin.com/in/jackiethomaschn)), so its current parent company status is not fully confirmed, though it remains operational as of early 2025 ([LinkedIn](https://www.linkedin.com/in/inderpal-singh-b-a6a2b721))."
Lithe Lashes,Personal Care,,"Revenue scale is the primary unresolved caveat; while the brand has won an Allure Best of Beauty award (2024) and was named IPSY's 2025 Biggest Breakout Brand, it is a self-funded indie label with a small team (1-10 employees), making it uncertain if it has surpassed the $5M ARR threshold."
Living Alchemy,Health & Wellness,,"Revenue scale verification is needed; while older data points to $1M-$5M, current operations (50 employees, 600+ retail locations including Whole Foods) strongly suggest it has surpassed the $5M floor [Salary.com](https://www.salary.com/research/company/living-alchemy-overview), [LinkedIn](https://ca.linkedin.com/company/living-alchemy-fermented-supplements), [MyProsAndCons](https://living-alchemy.myprosandcons.com)."
Lumineux (Oral Essentials),Personal Care,,"Revenue is scaling rapidly and approaching the $100M cap, with reports of $70M annual revenue and over $100M in lifetime sales on Amazon alone [YouTube](https://www.youtube.com/watch?v=gmX09CsFzyA), [Vendo Velocity Podcast](https://vendocommerce.com/how-lumineux-has-sold-over-100m-on-amazon-vendo-velocity-podcast-ep-120/)."
Magic Scoop,Food/Beverage,,"Revenue is estimated based on growth signals and partnerships; while the brand is a high-growth CPG entity from experienced founders, there is no public confirmation of the exact current ARR (likely between $5M and $100M given its national distribution and major partnerships) [LinkedIn](https://www.linkedin.com/posts/adam-assadkhan-8b88baa6_end-of-year-magic-scoop-update-2025-validated-activity-7414701103000240130-5X10)."
Mana,Food & Beverage,,"Revenue data is somewhat inconsistent across tracking platforms, with estimates ranging from ~$2M to ~$21M, making the >$5M threshold the only unresolved caveat ([Essential Food & Beverage News](https://essfeed.com/top-10-meal-replacement-companies-in-germany-in-2025-top-10-meal-replacement-companies-in-germany-in-2025-2/), [Prospeo](https://prospeo.io/c/manatm))."
Manta Sleep,Wellness,,"The brand is a strong fit for all criteria, with the only caveat being that revenue and ownership details are based on third-party estimates and public founder statements rather than audited financial reports."
Marphyl,Wellness Products,,"The primary unresolved caveat is whether the annual revenue exceeds the $5M threshold. While it has international distribution (Amazon best seller, retail in Fred Meyer and Rona), its LinkedIn employee count of 2-10 suggests it might be on the smaller end of the target range. [LinkedIn](https://ca.linkedin.com/company/marphyl-marine-phytoplankton), [YouTube](https://www.youtube.com/watch?v=t1wv27-D4Kw)"
Matter,Household Goods,,"The brand is a strong fit, but the revenue estimate is based on distribution scale (Target/Walmart) and parent company size, as specific brand-level financials are not public. There is also potential naming confusion with the cannabis brand ""matter."" and the ""Matter"" smart home standard."
Mellody,Food,,"Revenue is likely near the $5M floor, though 2024 growth and massive retail expansion via Aldi suggest it has likely surpassed it by the 2026 check date."
Menokin,Beauty,,"Revenue data from Korean business databases shows significant variance ($4M USD vs. $18M USD for 2024), though both figures and recent growth reports (e.g., crossing 10B KRW milestone) suggest it is within the $5M–$100M target range. [Cogonggo](https://www.cogonggo.co/company/menokin), [Segyebiz](https://www.segyebiz.com/lifeView/20250502505496)"
Metavo,Health & Wellness,,"Revenue is likely within the $5M–$100M range given its extensive retail footprint (Walmart, CVS, Walgreens, Amazon, Shoppers Drug Mart), but exact annual revenue figures are not publicly disclosed beyond high-growth claims (300%+ in 2023) [SupplySide Supplement Journal](https://www.supplysidesj.com/sports-nutrition/ozempic-update-as-weight-loss-pharma-widens-its-reach-nutrition-brands-vie-for-position-on-its-100-billion-coattails)."
Mi-el Skincare,Beauty & Personal Care,,"Revenue scale confirmation; while a founder-reported $4.5M single retail order suggests they have crossed the $5M ARR threshold, official third-party revenue estimates are lagging and show lower figures ([YouTube](https://www.youtube.com/watch?v=JtGjxbciUqc), [Prospeo](https://prospeo.io/c/mi-el-revenue))."
Midnight Paloma,Beauty & Personal Care,,"The revenue is likely between $5M and $100M based on its presence in over 500 retail doors (including major retailers like Nordstrom, Whole Foods, and Anthropologie) and its competitive ranking in the industry, but a precise current annual revenue figure was not publicly disclosed."
Miss Can,Food & Beverage,,"Revenue scale is likely near the $5M lower threshold. While it has established international distribution (e.g., World Market in the US) and a physical restaurant in Lisbon, its artisanal ""small batch"" production model may keep revenue below $10M."
Mitsoh,Food & Beverage,,"Revenue is likely in the $5M-$10M range given the 1,000+ retail doors and multimillion-dollar investment, but explicit annual revenue figures are not public. [Newswire](https://www.newswire.ca/news-releases/mitsoh-secures-additional-growth-capital-and-launches-national-expansion-during-indigenous-history-month-858698117.html)"
Mrs. J's Natural,Food & Beverage,,"The brand is a sub-brand of Kisko Products (acquired by Regal Confections), making it difficult to definitively confirm if the brand's standalone revenue exceeds the $5M threshold, though the parent company's scale and market-leader status suggest it is likely."
NARD,Beauty,,"The revenue of the NARD brand and its sister brand Bouquet Garni is reported at approximately 11 billion yen (~$75M USD) [Bouquet Garni & Nard Official Site](http://www.bouquetgarni-nard.com). However, the owner Breathe B International is closely associated with Pyunkang Yul, another significant K-beauty brand; if combined as a single group, the total revenue could potentially approach or exceed the $100M threshold."
Natural Catch,Food & Beverage,,"Revenue is estimated based on online traffic and significant retail footprint expansion (Target, Whole Foods, Sprouts) rather than a confirmed financial statement, though signals strongly suggest it is within the $5M-$100M range [LinkedIn](https://www.linkedin.com/posts/eric-schnell-b133a425_huuuge-congratulations-to-our-client-natural-activity-7385292071252762624-Vj_h), [BrandSearch](https://brandsearch.co/brands/naturalcatchtuna.com)."
Natural Elephant,Personal Care,,"Revenue estimates are borderline; one source suggests $6 million while others indicate it may be under the $5 million minimum threshold ([RocketReach](https://rocketreach.co/face-and-body-shoppe-llc-profile_b4691a32fc5ca5cf), [NeverBounce](https://www.neverbounce.com/company/face-and-body-shoppe/359338876))."
Nature's Charm,Food & Beverage,,"The brand was launched in 2014, but it is an innovation project by the daughters of the founders of Chef's Choice Foods Manufacturer Co., Ltd. (established in 1976). [LiveKindly](https://www.livekindly.com/vegan-evaporated-milk-made-from-coconuts/), [Bangkok Foodies](https://www.bangkokfoodies.com/coconut-milk-innovators-launch-vegan-fish-chips-vegan-banh-mi-with-natures-charm-products/)"
NatureZway,Household,,"Revenue is estimated at various levels across platforms (as low as <$1M on Prospeo), but the brand's extensive retail distribution in Walmart, Target, Whole Foods, Lowes, and Costco strongly suggests annual revenue exceeds $5M while likely remaining under $100M ([NatureZway Press](https://naturezway.com/pages/press))."
Nothin' to Hide,Pet,,"The brand itself was launched in 2019, but its parent company, Ethical Products, Inc., was founded in 1952 ([LinkedIn](https://www.linkedin.com/company/ethicalproductsinc1952))."
Nova Scotia Fisherman,Beauty,,"Revenue is estimated at $5.6M ([ZoomInfo](https://www.zoominfo.com/c/nova-scotia-fisherman/358849349)), which is close to the $5M lower threshold; while the skincare brand launched in 2012, the underlying manufacturing entity has roots dating back to 2000."
Nuco,Food,,"The brand is a strong fit but there is one unresolved caveat: while direct company estimates place revenue in the $10M-$25M range [Frasers Directory](https://www.frasersdirectory.com/suppliers/nuco-inc-16693043571/), [Seamless.AI](https://seamless.ai/b/healthsource-14756209), one market research report suggests a 17-21% market share in a global coconut wraps market estimated at $1.1B, which would imply revenue over $100M [Future Market Insights](https://www.futuremarketinsights.com/reports/coconut-wraps-market). However, the lower estimates are more consistent with its status as a niche family-owned business."
Nudefruit,Food,,"Revenue is likely between $5M and $100M given national distribution in major Canadian retailers (Walmart, Sobeys, Metro, Loblaws), but exact annual figures are not public."
Nutilight,Food & Beverage,,"The parent company was incorporated in mid-2010, slightly before the 2011 cutoff, but the brand itself and commercial operations appear to have launched in 2012/2013."
Nutramin,Health & Wellness,,"There is potential name ambiguity with an older, unrelated Dutch supplement brand, Nutramin B.V., which was founded in 1981 and would be a DROP for not meeting the launch date criteria ([TransFirm](https://www.transfirm.nl/nl/organisatie/33163885-000018811841-nutramin-b.v.?lang=en), [Kompass](https://nl.kompass.com/c/nutramin-b-v/nl228674/))."
Nuts For Butter,Food,,"Revenue estimates have a wide variance ($8M to $90M), and the brand functions as a primary product line under the parent company ""Nuts For Cheese."""
O-Hydration,Food & Beverage,,"Likely revenue fits the $5M-$100M range based on 1,600+ retail doors and national distribution as of early 2025, though an exact revenue figure is not publicly disclosed."
Oath Beverages,Food & Beverage,,"The brand ""Oath"" has two distinct iterations: the original 2019 ""OATH Life"" (oat milk protein drinks) and the 2024 ""Oath Nutrition"" (supplements and RTD energy/protein drinks). The latter is highly active and rapidly growing within the Trove Brands portfolio."
Octonuts,Food & Beverage,,"The parent company, Pearl Crop Inc., is a significant nut processor with revenue estimates ranging from $50M to $140M; while the Octonuts brand itself is likely within the $5M-$100M range, the total entity revenue may approach or exceed the $100M cap depending on the source. [NAICS](https://www.naics.com/company-profile-page/?co=10664), [Seamless.AI](https://seamless.ai/b/pearl-crop-inc-106231163)"
Omaha Protein Popcorn,Food & Beverage,,"The brand's revenue is very likely between $5M and $100M given its presence in 30,000 retailers and 14+ countries, but a specific confirmed annual revenue figure was not found."
OMatcha,Food & Beverage,,"Revenue is estimated to be in the $5M-$15M range based on the reported 50,000+ customers in its first year and the rapid 900% growth of the Saudi matcha market; precise financial confirmation is pending ([O Matcha Story](https://omatcha.sa/blogs/omatcha-team-story), [Matcha Times](https://matcha-times.jp/en/2026/01/22/saudi-arabia-matcha-market-health-youth-japanese-tradition/))."
One Trick Pony,Food & Beverage,,"Revenue is likely between $5M-$20M following massive retail expansion in early 2026, but exact current ARR is based on footprint rather than a reported figure."
Oneroot Inc.,Food & Beverage,,"Revenue scale is borderline; ZoomInfo estimates annual revenue at under $5M, but the brand's presence in major retailers like Whole Foods and T&T, along with $7.33M in recorded import value, suggests it may meet or exceed the $5M threshold."
Otto's Naturals,Food & Beverage,,"Revenue is estimated based on extensive national retail distribution (4,000+ stores including Whole Foods and Target) rather than a confirmed precise financial statement, though it strongly indicates a scale between $5M and $100M [Nosh](https://www.nosh.com/brands/ottos-naturals), [Hoboken Girl](https://www.hobokengirl.com/grocery-store-brands-north-jersey/)"
Outcast Foods,Food & Beverage,,"Revenue is estimated to be within the $5M-$100M range based on funding and facility capacity, but exact current figures are not publicly disclosed."
Pandy Foods,Food & Beverage,,"The brand is a wholly owned subsidiary of Humble Group, a Swedish FMCG conglomerate with annual revenue of approximately $735M-$770M USD as of 2024-2025 [PitchBook](https://pitchbook.com/profiles/company/159507-37), [MarketScreener](https://www.marketscreener.com/news/humble-report-q4-2025-year-end-report-humble-group-q4-2025-ce7e5ddad989ff2d)."
Parmela Creamery,Food,,"Revenue estimates vary widely across sources, from under $5M to $100M, though recent retail expansion suggests it is within the target range."
Peacasa,Food & Beverage,,"The primary caveat is verifying that annual revenue has firmly exceeded the $5M threshold. While 2024/2025 database estimates (ZoomInfo, SignalHire) place it under $5M, its rapid expansion to 700+ retail doors and a 2026 Walmart Canada launch suggest it is likely reaching or exceeding this scale by the current date ([LinkedIn](https://www.linkedin.com/posts/karen-cardona-6264b875_peacasa-snacks-inc-has-opened-their-next-activity-7460808743874711552-AI-1), [Canadian Grocer](https://canadiangrocer.com/socca-success-story-behind-peacasa))."
Per4m Nutrition,Wellness,,"Revenue is likely over $5M given the distribution scale and inventory levels, but as a ""small company"" in the UK, exact revenue is not publicly filed. [GOV.UK Filing History](https://find-and-update.company-information.service.gov.uk/company/11632873/filing-history)"
Perfect Earth Foods,Food/Snacks,,"The brand is a strong fit, but annual revenue is estimated based on company size (51-200 employees) and global distribution (e.g., Costco) rather than a publicly reported figure. Additionally, the operating company ""Chacha International"" shares a name with a large Chinese snack giant (Qiaqia Food), though evidence points to independence."
Pistakio,Food & Beverage,,"Revenue scale is likely in the $5M-$10M range given its 400+ store footprint and strong DTC growth, but it is an emerging brand that may be close to the $5M floor."
Piurify,Household Goods,,"Annual revenue is estimated to be between $3M and $8M based on recent monthly data, placing it near the $5M minimum threshold for the screen ([Sophie Society](https://launch.sophiesociety.com/case-study/piurify/))."
PKN,Food & Beverage,,"Revenue is estimated near the $5M floor ($3.5M in 2024 with a doubling projected for 2025), and while nationwide retail presence at Target and Sprouts suggests it likely exceeds $5M, recent exact figures are not publicly confirmed ([Prospeo](https://prospeo.io/c/pkn-revenue), [Green Queen](https://www.greenqueen.com.hk/this-pkn-pecan-milk-plant-based-non-dairy-sales/))."
Planet Superfood,Food & Beverage,,"The brand focuses on hemp-based ingredients, which, while seed-only and non-psychoactive, can occasionally face banking or platform-level scrutiny similar to regulated categories [Planet Superfood TOS](https://planetsuperfood.com/pages/terms-of-service)."
Plant Up,Food & Beverage,,"Revenue is likely in the $5M–$100M range based on reported $2.4M in late 2023 and significant retail expansion since, but an exact current figure is not public."
plumpp,Beauty,,"The revenue scale is an estimate based on significant retail distribution (Publix, Sprouts, Target) rather than a reported ARR figure, as the company is privately held."
Pomona Organic,Food & Beverage,,"Revenue is estimated based on unit sales milestones (10 million bottles sold total) rather than direct ARR disclosure, though signals suggest it currently exceeds $5M."
Pop-N-Nuts,Food & Beverage,,"The brand name was resolved from ""Pop-N-Nuts"" to ""Popnuts,"" which matches the product description and phonetic profile; the brand is part of the FOODMatch portfolio, which is within the revenue cap."
Poptastic Popcorn,Food & Beverage,,"The Poptastic brand itself was launched in 2024, fitting the criteria; however, its parent company, Naturally Homegrown Foods, was originally founded in 1998, though it has been under its current independent ownership since 2011 ([BC Business](https://bcbusiness.ca/business/manufacturing/entrepreneur-of-the-year-2025-how-kirk-homenick-turned-hardbite-into-canadas-homegrown-snack-sensation/), [LinkedIn](https://www.linkedin.com/posts/naturally-homegrown-foods-ltd-_poptasticpop-ownyourpop-cpg-activity-7202425390479388672--ye6))."
Porta,Food & Beverage,,"The brand fits all primary criteria; the asterisk denotes the need to distinguish this CPG brand from unrelated entities sharing the name ""Porta,"" such as the large German furniture retailer Porta Möbel."
Prasad Ayurveda,Food & Beverage,,"The primary caveat is confirming the annual revenue exceeds the $5M floor. While the brand has national distribution in Canada through major natural food retailers (Well.ca, NaturaMarket, Choices Markets) and a significant retail presence across multiple provinces, specific public revenue figures for this private, family-owned business are not available to definitively confirm it has surpassed $5M ARR."
PreCardix,Wellness,,"The parent entity Marealis AS was founded in 2008 (predating 2011), though the PreCardix brand was not launched until 2018. Additionally, while it is a supplement, it targets blood pressure (a medical condition), which carries some regulatory sensitivity, although it is not a 'highly regulated' OTC drug or device."
Pretty Tasty,Food & Beverage,,"The revenue scale is likely within the $5M-$100M range based on its nationwide distribution in Sprouts, Target, and CVS as of 2025-2026, though precise 2026 revenue figures are not publicly disclosed."
Pride of India,Food & Beverage,,"Marketing materials frequently cite a ""1967"" legacy in tea, though legal incorporation and brand first-use dates are consistently 2011/2012."
Prime Render,Food & Beverage,,"The primary unresolved caveat is whether the brand has reached the $5M annual revenue floor, as it only launched in early 2025. However, it shows strong growth indicators including national trade show participation and hundreds of customer reviews."
ProBites,Food & Beverage,,"The primary caveat is the lack of public confirmation for exact annual revenue, though its presence in major national retail chains strongly suggests it meets the >$5M threshold."
Protein & Co.,Wellness,,"The brand is very close to the lower revenue threshold, with early 2026 reports indicating annual turnover has just exceeded 130M CZK (~$5.5M USD)."
Purify Life,Wellness,,"Revenue is likely within the $5M-$100M range based on the founder's claim of being an ""8-figure Amazon seller,"" but official financial statements are not publicly available for the private entity [LinkedIn](https://www.linkedin.com/in/tony-brink)."
RA.D8,Personal Care,,"Revenue scale is likely in the $5M-$100M range given the company's decade-long history and distribution in major Canadian retailers, but specific brand-level revenue for RA.D8 is not publicly disclosed."
Raw Nutritional,Wellness,,"Revenue is estimated around the $5M floor ($4M-$5M per ZoomInfo and RocketReach), though its 2023 expansion into Costco and facility growth suggest it likely exceeds $5M by 2026."
Rawesome,Food & Beverage,,"Revenue scale is the primary caveat. While distribution has expanded to over 500 stores across Canada by late 2025 ([Connect Brand Management](https://www.linkedin.com/posts/connect-brand-management-cbm_chfanow-cpg-naturalproducts-activity-7374201159277867009-WLfV)), the company was reported to have only 6 employees in late 2022 ([CTV News](https://montreal.ctvnews.ca/city-loses-court-battle-with-montreal-company-that-used-cheese-to-describe-vegan-product-1.6078055)), suggesting it may still be on the lower end of the $5M-$100M revenue window."
Realsy,Food & Beverage,,"The brand is in a very high-growth phase and recently separated from its original parent cafe business (Rollin' n' Bowlin'), which was partially acquired by Shake Smart, but Realsy remains an independent CPG entity [TCU Magazine](https://magazine.tcu.edu/summer-2026/karbowski-patry-realsy-founders/), [Fort Worth Star-Telegram](https://www.star-telegram.com/news/business/fort-worth/article297074339.html)"
Refresh Botanicals,Beauty & Personal Care,,"Revenue scale is slightly ambiguous; while some sources estimated it at $2M in 2024 ([RocketReach](https://rocketreach.co/refresh-botanicals-profile_b7c6c50bc189cd1b)), 2021 projections for their Indian expansion targeted over $18M (150 crore INR) by 2025, and they are currently present in over 800 retail stores across Canada ([TV9 Hindi](https://www.tv9hindi.com/business/organic-skincare-line-refresh-botanicals-launches-in-india-offers-innovative-range-of-products-610490.html), [YouTube/Swift Innovations](https://www.youtube.com/watch?v=pden8S99BAw))."
Rico 'n Lalo,Food & Beverage,,"Revenue is likely just above the $5M floor, with estimates around $5.4M to $5.7M, which is a narrow margin for the criteria. [Dun & Bradstreet](https://www.dnb.com/business-directory/company-information.special_food_services.ca.british_columbia.html)"
Ripi,Food & Beverage,,"Revenue is recently scaled and right at the $5M boundary; while 2025 revenue was reported at $350k, it is projected to reach $6.5M in 2026 following nationwide expansion ([Larry Brown Sports](https://larrybrownsports.com/college-basketball/duke-commit-deron-rippey-nil-deal-pasta/746344))."
Rootalive,Food & Beverage,,"Annual revenue is likely within the $5M-$100M range based on its catalog of over 100 products and distribution by Canada's largest natural products distributor, Purity Life, but specific revenue figures are not publicly disclosed [Purity Life Brands](https://puritylife.com/brands/), [IHR Magazine](https://ihrmagazine.com/rootalive-helping-customers-make-healthier-choices/)."
Roots Farm Fresh,Food & Beverage,,"The asterisk is for confirming the exact current revenue scale, as estimates vary from $8M to $100M across different business databases, though all remain within the target range ([RocketReach](https://rocketreach.co/trinity-frozen-foods-profile_b5ea3c3ff42e78c9), [Growjo](https://growjo.com/company/Trinity_Frozen_Foods))."
Rosabella's Table,Food & Beverage,,"The brand appears to be a good-fit CPG brand launched recently (2023), but total annual revenue for the parent company (Liquids & Solids Culinary Innovations) is not explicitly disclosed, though its presence in 300+ grocery stores plus food service and cafe operations suggests it likely meets the $5M+ threshold but warrants confirmation [LinkedIn (Deborah Merlo)](https://www.linkedin.com/in/deborah-merlo), [Well Made in Canada](https://www.wellmadeincanada.ca/business-directory/soupetc-soups-rosabellas-table-fresh-sauces/)."
Roselisa,Beauty & Personal Care,,"Revenue is likely over the $5M floor given the 13 HQ employees, franchise model, and extensive distribution network, but public ARR data is limited. Additionally, the product line includes microneedling machines which are regulated medical devices, though the core brand identity is consumer/professional cosmetics. [Entrepreneur Franchise Directory](https://www.entrepreneur.com/franchises/directory/roselisa/335947), [Digital Journal](https://www.digitaljournal.com/pr/news/ampwire/excento-beauty-unveils-powerhouse-partnerships-with-girlactik-and-roselisa)"
Rumble Supershake,Food & Beverage,,"Revenue signal is between $5M and $100M based on growth from $500k in 2013 and expanded distribution, but exact current ARR is not publicly disclosed for the private beverage entity to confirm it has definitely crossed $5M."
Saltverk,Food & Beverage,,"Revenue is likely in the $5M–$100M range based on employee count (20) and nationwide U.S. retail distribution (Meijer, H-E-B, etc.), but exact revenue figures were not found in the search results."
Sanotti,Food & Beverage,,"Revenue is estimated based on employee count (~15) and national retail distribution in Canada (Walmart, Well.ca); exact annual revenue is not publicly disclosed but appears to sit near the lower threshold of $5M ([Profile Canada](https://www.profilecanada.com/companydetail.cfm?company=2447474_Beyond_Meal_Inc_Sanotti_Mississauga_ON))."
Satya Organic,Beauty & Personal Care,,"The brand fits most criteria (founded 2013, independent, likely $5M-$20M revenue), but its core product is a regulated eczema treatment (NPN/OTC), which may border on the 'OTC pharma' exclusion depending on the user's sensitivity to functional skincare drug claims."
Savor Life,Beauty & Personal Care,,"Resolved as SavourLife (Australian pet food brand); acquired by SunRice Group in August 2024 for A$20.3 million. SunRice is a large public entity (A$1.8B+ revenue) but not a ""massive"" global conglomerate like Nestle or PepsiCo. [SunRice Investor Release](https://investors.sunrice.com.au/DownloadFile.axd?file=%2FReport%2FComNews%2F20240723%2F02830442.pdf)"
Say It Aint Soda,Food & Beverage,,"The ""Say It Aint Soda"" brand itself is a new launch (2021), but the parent operating entity, Say When Beverages Inc., dates back to 2001."
Scrubzz,Personal Care,,"Revenue is likely between $5M and $100M based on widespread distribution in major retailers (Target, CVS, Walmart) and significant viral success on TikTok Shop, but exact current fiscal year figures are private ([LinkedIn](https://www.linkedin.com/posts/joshua-razi-7778961b1_a-brand-youve-never-heard-of-just-beat-cerave-activity-7450393530486685696-KaAm))."
Senza Care,Beauty & Personal Care,,"The brand fits all criteria, but the revenue estimate varies between sources ($10M vs. lower estimates), although its presence in major retailers like Kroger and Walmart strongly suggests it meets the >$5M threshold."
Signe Cameline,Food & Beverage,,"Revenue is likely between $5M and $20M based on 1,000+ points of sale and exports to 15 countries, but explicit revenue data is not publicly disclosed."
siip,Food & Beverage,,"The brand fits all criteria, but annual revenue is estimated to be in the $5M-$10M range based on its extensive retail footprint (~400 locations in Canada including Sobeys) and online presence, which requires further verification to confirm it has surpassed the $5M floor [Siip Store Locator](https://siipbroth.com/pages/store-locator)."
Silkeny,Food & Beverage,,"Revenue for the specific Silkeny/Global Nexus entity is likely near the lower $5M threshold. While the sister entity ""The Tea & Herb Company"" (owner of the Silkenty brand) reports $6M in revenue, Global Nexus's specific scale is less documented but operates in the same premium niche."
Silver Swallow,Food & Beverage,,"Revenue is estimated to be in the $5M-$100M range based on nationwide distribution in Canada (Sobeys, Whole Foods) and premium pricing, but exact annual revenue figures are not publicly disclosed."
Simply Cocktails,Food & Beverage,,"Revenue is likely over the $5M floor based on growth signals (Costco expansion, 3M+ cocktails served milestone), but explicit ARR confirmation for 2026 is unavailable. [LinkedIn - Logan Derksen](https://www.linkedin.com/posts/logan-derksen_cpg-sales-cpgindustry-activity-6999428105534660608-WdhD), [Venturepark Labs](https://www.linkedin.com/posts/ventureparkca_november-member-wins-were-celebrating-activity-7400157655924785152-sJYn)."
Simply Eggless,Food & Beverage,,"Revenue is estimated in the $1M–$10M range; while its presence in major retailers like Trader Joe's and Aldi (Germany) suggests it has likely surpassed the $5M mark, exact private revenue figures are not public. [GreyB](https://greyb.com/startups/simply-eggless/), [Aldi Süd](https://www.aldi-sued.de/de/newsroom/alle-pressemitteilungen/marke-und-produkte/2022/Erstmals-bei-ALDI-SUED-Pflanzlicher-Ei-Ersatz-von-Simply-Eggless.html)"
Snack Affair,Food & Beverage,,"The standalone revenue for the specific ""Snack Affair"" brand is not publicly disclosed and may be under $5M as it is a newer line (introduced at Expo West 2023) within the parent company's portfolio, although the parent group meets the revenue criteria ([PR Newswire](https://www.prnewswire.com/news-releases/boyne-capital-announces-new-platform-investment-in-blue-monkey-beverages-302386976.html))."
The SNCK Co,Food & Beverage,,"The brand appears to be a high-growth CPG startup in the $5M-$100M revenue range based on its rapid expansion into multiple European markets and Canada, but as a very new company (launched 2025), precise revenue figures are not yet public."
SNO,Food & Beverage,,"The brand name is frequently stylized as ""Snö,"" though often referred to as ""SNO"" in retail and distribution contexts. The asterisk is for the minor ambiguity regarding the exact spelling/stylization in the request versus the brand's primary branding."
SnowCandy,Food,,"The parent company, Brooke & Dylan LLC (DBA B&D Group), was founded in 2009, which is slightly before the 2011 cutoff, although the specific SnowCandy brand was launched in 2020. Revenue estimates for the parent company are also conflicted, with some sources suggesting it could exceed the $100M cap while others place it well below. [PrivCo](https://www.privco.com/company/b-d-poolcandy), [Visual Visitor](https://www.visualvisitor.com/companies/3169442/bd_group_poolcandy)"
Soilmates,Food,,"Revenue is likely over the $5M floor given its significant international retail footprint (Costco, Ocado, Albert Heijn, Jumbo), but verified data for its home market in the Netherlands showed it had captured roughly €1.5M in annual sales as of early 2025 ([YouTube](https://www.youtube.com/watch?v=GFGEaNZ8pMs))."
Solly's Craft Soda,Food & Beverage,,"Revenue floor ($5M) is the primary caveat; while the brand has achieved national distribution in Walmart Canada, it is a relatively new brand (launched 2024) and exact annual revenue figures are not public ([LinkedIn](https://www.linkedin.com/posts/sollys-craft-soda_smileitssollys-buildinginpublic-cpg-activity-7405404167877550080-f48M))."
South 40 Snacks,Food & Beverage,,"Revenue and ownership are based on secondary signals from 2025 (podcasts and VC mentions) rather than a formal public financial filing, though the brand remains highly active as of March 2026 ([LinkedIn](https://www.linkedin.com/posts/south40snacks_were-fired-up-after-an-amazing-week-at-natural-activity-7436924595284316162-TTsl))."
Sproos,Wellness,,"Revenue is estimated at approximately $5.5M, which is very close to the $5M lower threshold; current scale and growth post-acquisition should be verified ([ZoomInfo](https://www.zoominfo.com/c/sproos/449773249))."
Stefano,Food & Beverage,,"Revenue is not publicly disclosed; however, national distribution in major Canadian retailers (Sobeys, Walmart, Metro) across 50+ SKUs strongly suggests it exceeds $5M, while its regional focus and specialty nature likely keep it under $100M."
Stoked Oats,Food & Beverage,,"Revenue scale is borderline; while historical 2024 estimates were around $2.7M, strong 2025/2026 growth signals (on track to double revenue, expansion in Walmart/Costco) suggest it likely exceeds the $5M floor [LinkedIn](https://www.linkedin.com/posts/chanelle-mayer_stokedoats-eyentrepreneuroftheyear-regenerativeag-activity-7339336081638641664--fR9), [Culinaire Magazine](https://www.culinairemagazine.ca/post/saving-the-planet-one-oat-a-time-that-s-job-one-for-the-folks-behind-stoked-oats)."
Subi,Food,,"Revenue estimates from third-party trackers (ZoomInfo, Prospeo) place the brand below $5M, but its national retail footprint in major chains (Walmart, Loblaws) and 25-employee headcount suggest a higher likely scale."
Sunday Supper,Food & Beverage,,"Revenue is likely on the lower end of the required range ($5M-$10M); while it reported 300% YoY growth and distribution in 700+ stores by late 2025, precise 2026 revenue figures are not publicly disclosed."
Sungboon Editor,Beauty,,"The parent company, Olive International Inc., reached approximately $100M USD (140 billion KRW) in total revenue across its brands in 2024 and has been targeting aggressive growth, meaning the individual brand Sungboon Editor may be approaching or exceeding the $100M threshold by 2026. [Maeil Business News](https://www.mk.co.kr/en/business/11175437)"
Sunnie,Food & Beverage,,"Revenue floor caveat: The brand was projected to reach $3M-$4M in 2024; while its expansion to 1,500 retail locations by late 2025 likely pushed it over the $5M floor for 2026, recent specific revenue figures are needed to confirm it has cleared the minimum scale requirement."
SuperMush,Wellness,,"Revenue data is conflicting between e-commerce trackers (~$2M ARR) and retail-informed sales volume data (~$29M ARR), though Target/Ulta presence supports the higher range."
Sweet & Friendly,Food & Beverage,,"Revenue scale is estimated to be within the $5M-$100M range based on the historical performance of its predecessor, Sweet Natural Trading Co. (which reported ~$8.8M revenue in 2018), and current distribution in major retailers; however, recent private financials are not publicly confirmed."
Sweet Monk,Food & Beverage,,"The revenue is likely in the low millions, potentially on the edge of the $5M threshold. While a 2022 estimate placed it at ~$1.9M ([Prospeo](https://prospeo.io/c/monk-revenue)), the company has since reported doubling sales in North America and quadrupling Amazon ad-driven revenue ([Beacon Commerce](https://beaconcommerce.co/case-studies/sweetmonk-case-study/)), and is now in over 300 retail locations ([OFX Client Testimonial](https://www.ofx.com/en-ca/blog/trust-and-reliability-why-ofx-is-the-right-forex-company-for-one-canadian-small-business/)). This suggests it is approaching or has recently crossed the $5M mark."
Sweet Nutrition,Food & Beverage,,"Revenue is estimated to be around $4.6M as of 2024/2025, which is slightly below the $5M threshold, though recent expansion to 2,500+ stores and a $3.9M project alliance in 2026 suggests it is likely crossing the $5M mark currently ([Prospeo](https://prospeo.io/c/sweet-nutrition-revenue), [GlobeNewswire](https://www.globenewswire.com/news-release/2026/03/31/3265865/0/en/unlocking-the-full-value-of-canadian-pulses-through-innovative-foods-and-ingredients.html))."
Swoon,Food & Beverage,,"Revenue estimates are close to the lower threshold ($5.1M according to ZoomInfo in 2023), though national distribution in 4,000+ retailers suggests it has likely scaled further ([ZoomInfo](https://www.zoominfo.com/c/swoon/556538308), [Convenience Store News](https://csnews.com/barbie-x-swoon-pink-lemonade))."
The Bathologist,Beauty & Personal Care,,"The brand is a strong fit but current annual revenue is estimated to be between $5M and $100M based on its national retail presence (Costco, Macy's, Nordstrom Rack) and its 50+ employee count, though precise latest-year revenue is not publicly disclosed [Retail Insider](https://retail-insider.com/retail-insider/2025/03/bathorium-enters-nordstrom-u-s-nationally/)."
The Froot Thief,Food & Beverage,,"Revenue is estimated to be within the $5M–$100M range based on extensive retail distribution (nationwide Costco, Target, Sprouts), but specific financial figures are not publicly disclosed."
The future is bamboo,Household,,"The primary caveat is confirming the revenue scale. As of 2020, the brand was available in over 1,500 stores in North America and later expanded to all Erewhon locations ([LinkedIn](https://ca.linkedin.com/company/the-future-is-bamboo), [The Future is Bamboo](https://thefutureisbamboo.com/pages/who-we-are)). Given this retail footprint and maturity (7+ years), it likely exceeds $5M annual revenue, but direct revenue disclosures are not publicly available to confirm it falls below $100M with absolute certainty. Additionally, its classification as a Class I medical device (toothbrushes) might be a technical exclusion depending on the strictness of the 'medical device' criteria."
The Grain Escape,Food & Beverage,,"The parent company, Vibrant Health Products Inc., has estimated annual revenue ranging from $50M to over $100M ([Growjo](https://growjo.com/company/Silver_Hills), [Apps Run The World](https://www.appsruntheworld.com/customers-database/customers/view/silver-hills-bakery-canada)), which may put the total entity near or slightly above the $100M threshold, although the specific brand ""The Grain Escape"" is well within the target range."
The Spice Age,Food & Beverage,,"Revenue is likely over $5M given distribution in 400+ retail locations including Whole Foods, Sobeys, and Safeway, but a specific financial statement confirming this threshold was not found [A Spice Affair/The Spice Age](https://aspiceaffair.com/collections/the-spice-age)."
Toofruit,Beauty,,"The specific annual revenue for the Toofruit brand itself is not publicly disclosed; however, the parent Thalgo Group reports annual revenue of approximately €110M (~$118M), and Toofruit's distribution in 1,000+ French points of sale and 25 countries suggests it likely meets the >$5M threshold ([Thalgo Group via Pappers](https://www.pappers.fr/entreprise/thalgo-tch-421936378), [Sense of Wellness](https://www.senseofwellness-mag.com/2025/12/08/toofruit-impose-son-leadership-sur-le-marche-des-soins-enfants-et-conquiert-de-nouveaux-territoires/))."
Truely Cereal,Food & Beverage,,"Revenue confirmation: While ZoomInfo estimated revenue below $5M in early 2024, significant retail expansion into Sprouts Farmers Market (USA) and Whole Foods Market (Canada) by 2025-2026 strongly suggests the brand has reached or exceeded the $5M ARR threshold [LinkedIn](https://www.linkedin.com/posts/eoin-carroll-53ab31111_april-is-our-biggest-month-ever-and-were-activity-7450570522146500608-CBnD), [LinkedIn Updates](https://www.linkedin.com/company/truelycereal)."
Truvani,Health & Wellness,,"The brand is a strong fit for all criteria, but carries an asterisk due to the inherent regulatory oversight associated with dietary supplements, although they fall within the target CPG wellness scope [Garage Gym Reviews](https://www.garagegymreviews.com/truvani-protein-powder-review)."
Umyum,Food & Beverage,,"Revenue scale is likely near the $5M threshold; while recent expansion and a $6M raise in Feb 2025 suggest growth, current revenue may still be ramping up toward the $5M mark."
Unicorn Glow,Beauty,,"The parent company DKCOS has estimated annual revenue between $10M and $50M, making it highly likely the brand exceeds the $5M threshold given its nationwide distribution in CVS and Walmart, but brand-specific revenue is not explicitly separated from the parent's other brands like Soo’AE."
Vegan Pure,Supplements,,"The parent company, Wellnx Life Sciences, was founded in 2000, but the specific ""Vegan Pure"" brand appears to have been launched in 2014, fitting the ""founded/launched 2011 or later"" criteria. [Tracxn](https://tracxn.com/d/companies/vegan-pure/__DaA-B3bMwDcVWuTIH16R7c2o7ImwaZ57AnMaQQYMUqw)"
Veggie Go's,Snacks,,"The brand evolved into 'Wildmade' in 2018, though Veggie Go's products remain a core sub-line; revenue is estimated based on national distribution and growth rates rather than a single reported ARR figure ([Erin Bosik](https://erinbosik.com/snack-on-the-wild-side/))."
Velicious,Food & Beverage,,"The brand name is used by two distinct independent entities (Ecoideas in Canada and Velicious Food in Thailand); the primary CPG line (Seasonings) is owned by Ecoideas Innovation Inc., which has an annual revenue of approximately $14.7M. [RocketReach](https://rocketreach.co/ecoideas-profile_b5dc11a6f42e49eb), [ChemDmart](https://chemdmart.com/company-profile/ecoideas-innovation-inc)"
Walker Farms,Food,,"The consumer-facing CPG brand and retail processing arm were launched in 2021, but the underlying family farm and business name ""Walker Farms"" have been in operation since the 1960s."
We Love The Planet,Personal Care,,"Revenue is based on external estimates and the scale of its production group (Natural Planet Holding), which suggests it fits the $5M-$100M range, but a precise brand-only revenue figure is not public."
The Well,Health & Wellness,,"The brand is an integrated wellness company with a significant service component (wellness clubs and spas); however, it maintains a proprietary line of consumer goods (supplements and self-care products) sold via eCommerce and retail, making it a relevant but mixed-model CPG prospect. [Fortune](https://fortune.com/2021/06/06/startup-year-one-the-well-spa-wellness-salon/)"
Whoa Dough,Food/Bev,,"Revenue estimates are borderline around the $5M floor (ranging from $3M to $7.6M), though recent expansions into Target and high-volume partnerships suggest it is likely above $5M now ([SignalHire](https://www.signalhire.com/companies/whoa-dough), [Nosh](https://www.nosh.com/pr/2024/07/10/whoa-dough-expands-retail-presence-to-over-200-super-target-locations-nationwide-and-targetcom))."
WhoaNelly's,Pet Food,,"Revenue scale is estimated to be over $5M based on extensive national distribution in major Canadian retailers like Loblaws, Whole Foods, and Real Canadian Superstore, but exact annual revenue figures were not publicly disclosed."
Whole Moon,Food & Beverage,,"The brand is owned by WhiteMug, Inc., which was co-founded by Jonghoon Lim, who is also the President of Hanmi Science, a multi-billion dollar Korean conglomerate ([Green Queen](https://www.greenqueen.com.hk/whole-moon-whitemug-coconut-meat-milk-protein/), [Maeil Business News](https://www.mk.co.kr/en/it/10982695)). While WhiteMug appears to operate as an independent private entity, the relationship to a massive parent company's leadership is a notable caveat."
Wild Canadian Seafood Co,Food & Beverage,,"The parent company (Gourmet Trading Co. Ltd.) has revenue estimates ranging from $5M to $58M, but it is unclear if the specific ""Wild Canadian Seafood Co"" brand individually exceeds the $5M floor."
Wild Canadian Seafood Co,Food & Beverage,,"The parent company (Gourmet Trading Co. Ltd.) has revenue estimates ranging from $5M to $58M, but it is unclear if the specific ""Wild Canadian Seafood Co"" brand individually exceeds the $5M floor."
Wild Rose Beauty,Personal Care,,"The brand recently underwent a significant business failure and relaunch in late 2025, making current revenue scale (recovery to >$5M) the primary unresolved caveat."
Wize Tea,Food & Beverage,,"The brand was acquired by an undisclosed U.S.-based buyer in June 2026. While currently presumed to be a strategic or private equity buyer within scale, the identity of the new parent company remains undisclosed [BevNet/Facebook](https://www.facebook.com/bevnetcom/posts/wize-tea-has-changed-hands-with-a-us-based-buyer-set-to-take-over-the-sparkling-/1649000403892742/), [Nombase](https://www.nombase.com/companies/wize-tea-inc)."
Wize Monkey,Food & Beverage,,"Ownership is currently held by an undisclosed U.S. buyer (operating as Wize Tea USA LLC), following an acquisition in late 2025/early 2026 [LinkedIn](https://www.linkedin.com/posts/maxrivest_its-official-wize-tea-has-been-acquired-activity-7467997277505335297-qCjI), [Nombase](https://www.nombase.com/companies/wize-tea-inc)."
Woon,Food & Beverage,,"The primary caveat is confirming total annual revenue exceeds the $5M floor, though current store counts and restaurant locations suggest it likely falls within the $5M-$15M range."
Woop4,Food & Beverage,,"Revenue is estimated within the $5M-$100M range based on its 10-year history and broad retail distribution, but exact financial figures are not publicly disclosed [Growjo](https://growjo.com/company/WOOP), [Prospeo](https://prospeo.io/c/woop)."
Yaza,Food & Beverage,,"While Yaza is a strong CPG fit, there is some conflicting revenue data: one source mentions trailing sales in excess of $90 million, and a less reliable database (PrivCo) lists figures over $250 million, though these likely conflate Yaza with other entities given its 2022 launch and small team size. [Taste Radio](https://www.tasteradio.com/episodes/ma-isnt-slowing-its-getting-more-focused), [PrivCo](https://www.privco.com/company/yaza-foods)"
Yemaya Organics,Health & Wellness,,"Revenue scale is likely in the target range ($5M-$100M) given national distribution in GNC and high sales volume on social commerce platforms (e.g., 5,000+ units of single items on TikTok Shop), but specific annual revenue figures are not publicly confirmed. [GNC](https://www.gnc.com/brands/yemaya-organics/), [TikTok Shop](https://shop.tiktok.com/us/store/yemaya-organic/7495131374268746325)"
Yemaya Organics,Health & Wellness,,"Revenue scale is likely in the target range ($5M-$100M) given national distribution in GNC and high sales volume on social commerce platforms (e.g., 5,000+ units of single items on TikTok Shop), but specific annual revenue figures are not publicly confirmed. [GNC](https://www.gnc.com/brands/yemaya-organics/), [TikTok Shop](https://shop.tiktok.com/us/store/yemaya-organic/7495131374268746325)"
Yeshi,Food & Beverage,,"The revenue scale is likely on the lower end of the $5M-$100M target range. While the brand is stocked in over 1,000 stores across Canada and the US as of mid-2024, its exact annual revenue is not publicly disclosed, making it a potential risk for the $5M floor."
Yofiit,Food & Beverage,,"Founding date varies by source (2013 vs 2015 vs one outlier at 2006), though the consumer brand launch was clearly post-2011. Revenue is likely right at the $5M threshold."
Yumi Organics,Food,,"Revenue is right at the minimum threshold ($5M-$6M), though latest signals indicate it has recently surpassed it and is expanding into major U.S. and Canadian retail."
ZAB'S,Food & Beverage,,"Revenue is likely in the $5M-$100M range based on massive 2026 nationwide retail presence and Taco Bell partnership, but one dated third-party source estimated revenue at ~$600k, creating a minor conflict on the revenue floor."
Zeroodle,Food & Beverage,,"Likely over $5M annual revenue based on extensive distribution in major US and Canadian retailers (Walmart, Target, Publix, Safeway, HEB, Loblaws, Sobeys), though third-party data like ZoomInfo estimates it lower."